Title,RoleType,Name,Shares,Note
ALABAMA GET AWAY,ASCAP,Total Controlled by ASCAP,100,
ALABAMA GET AWAY,W,GARCIA JEROME J,,
ALABAMA GET AWAY,W,HUNTER ROBERT C,,
ALABAMA GET AWAY,P,ICE NINE PUBLISHING CO INC,,
ALABAMA GET AWAY,P,UNIVERSAL MUSIC CORPORATION,,
ALABAMA GETAWAY,ASCAP,Total Controlled by ASCAP,100,
ALABAMA GETAWAY,W,GARCIA JEROME J,,
ALABAMA GETAWAY,W,HUNTER ROBERT C,,
ALABAMA GETAWAY,P,ICE NINE PUBLISHING CO INC,,
ALABAMA GETAWAY,P,UNIVERSAL MUSIC CORPORATION,,
ALICE D MILLIONAIRE,ASCAP,Total Controlled by ASCAP,90,
ALICE D MILLIONAIRE,W,GARCIA JEROME J,,
ALICE D MILLIONAIRE,W,KREUTZMANN WILLIAM ,,
ALICE D MILLIONAIRE,W,LESH PHILIP ,,
ALICE D MILLIONAIRE,W,MAC KERNAN RONALD CHARLES R C,,
ALICE D MILLIONAIRE,W,WEIR ROBERT HALL,,
ALICE D MILLIONAIRE,P,ICE NINE PUBLISHING CO INC,,
ALICE D MILLIONAIRE,P,UNIVERSAL MUSIC CORPORATION,,
ALL THE UNSUNG HEROES CUES,ASCAP,Total Controlled by ASCAP,50,
ALL THE UNSUNG HEROES CUES,W,GARCIA JEROME J,,
ALL THE UNSUNG HEROES CUES,P,Additional Non-ASCAP Publishers,,
ALTHEA,ASCAP,Total Controlled by ASCAP,100,
ALTHEA,W,GARCIA JEROME J,,
ALTHEA,W,HUNTER ROBERT C,,
ALTHEA,P,ICE NINE PUBLISHING CO INC,,
ALTHEA,P,UNIVERSAL MUSIC CORPORATION,,
AMAZING GRACE,ASCAP,Total Controlled by ASCAP,50,
AMAZING GRACE,W,DP  ,,
AMAZING GRACE,W,GARCIA JEROME J,,
AMAZING GRACE,W,GRISMAN DAVID JAY,,
AMAZING GRACE,P,ICE NINE PUBLISHING CO INC,,
AMAZING GRACE,P,UNIVERSAL MUSIC CORPORATION,,
AMAZING GRACE,P,Additional Non-ASCAP Publishers,,
AMERICAN POPSICLE,ASCAP,Total Controlled by ASCAP,66.7,
AMERICAN POPSICLE,W,BRICKELL EDIE ARLISA,,
AMERICAN POPSICLE,W,GARCIA JEROME J,,
AMERICAN POPSICLE,W,WASSERMAN ROBERT S,,
AMERICAN POPSICLE,P,EDIE BRICKELL SONGS,,
AMERICAN POPSICLE,P,ICE NINE PUBLISHING CO INC,,
AMERICAN POPSICLE,P,UNIVERSAL GEFFEN MUSIC,,
AMERICAN POPSICLE,P,UNIVERSAL MUSIC CORPORATION,,
AMERICAN POPSICLE,P,Additional Non-ASCAP Publishers,,
APOLLO AT THE RITZ,ASCAP,Total Controlled by ASCAP,83.35,
APOLLO AT THE RITZ,W,GARCIA JEROME J,,
APOLLO AT THE RITZ,W,HART MICHAEL S,,
APOLLO AT THE RITZ,W,KREUTZMANN WILLIAM ,,
APOLLO AT THE RITZ,W,LESH PHILIP ,,
APOLLO AT THE RITZ,W,MYDLAND BRENT RICHARD,,
APOLLO AT THE RITZ,W,WEIR ROBERT HALL,,
APOLLO AT THE RITZ,P,ICE NINE PUBLISHING CO INC,,
APOLLO AT THE RITZ,P,UNIVERSAL MUSIC CORPORATION,,
APOLLO AT THE RITZ,P,Additional Non-ASCAP Publishers,,
ATTICS OF MY LIFE,ASCAP,Total Controlled by ASCAP,100,
ATTICS OF MY LIFE,W,GARCIA JEROME J,,
ATTICS OF MY LIFE,W,HUNTER ROBERT C,,
ATTICS OF MY LIFE,P,ICE NINE PUBLISHING CO INC,,
ATTICS OF MY LIFE,P,UNIVERSAL MUSIC CORPORATION,,
BEAUTIFUL JAM,ASCAP,Total Controlled by ASCAP,40,
BEAUTIFUL JAM,W,GARCIA JEROME J,,
BEAUTIFUL JAM,W,KREUTZMANN WILLIAM ,,
BEAUTIFUL JAM,W,LESH PHILIP ,,
BEAUTIFUL JAM,W,MAC KERNAN RONALD CHARLES R C,,
BEAUTIFUL JAM,W,WEIR ROBERT HALL,,
BEAUTIFUL JAM,P,ICE NINE PUBLISHING CO INC,,
BEAUTIFUL JAM,P,UNIVERSAL MUSIC CORPORATION,,
BELIEVE IT OR NOT,ASCAP,Total Controlled by ASCAP,100,
BELIEVE IT OR NOT,W,GARCIA JEROME J,,
BELIEVE IT OR NOT,W,HUNTER ROBERT C,,
BELIEVE IT OR NOT,P,ICE NINE PUBLISHING CO INC,,
BELIEVE IT OR NOT,P,UNIVERSAL MUSIC CORPORATION,,
BERTHA,ASCAP,Total Controlled by ASCAP,100,
BERTHA,W,GARCIA JEROME J,,
BERTHA,W,HUNTER ROBERT C,,
BERTHA,P,ICE NINE PUBLISHING CO INC,,
BERTHA,P,UNIVERSAL MUSIC CORPORATION,,
BIRD SONG,ASCAP,Total Controlled by ASCAP,100,
BIRD SONG,W,GARCIA JEROME J,,
BIRD SONG,W,HUNTER ROBERT C,,
BIRD SONG,P,ICE NINE PUBLISHING CO INC,,
BIRD SONG,P,UNIVERSAL MUSIC CORPORATION,,
BLACK MUDDY RIVER,ASCAP,Total Controlled by ASCAP,100,
BLACK MUDDY RIVER,W,GARCIA JEROME J,,
BLACK MUDDY RIVER,W,HUNTER ROBERT C,,
BLACK MUDDY RIVER,P,ICE NINE PUBLISHING CO INC,,
BLACK MUDDY RIVER,P,UNIVERSAL MUSIC CORPORATION,,
BLACK PETER,ASCAP,Total Controlled by ASCAP,100,
BLACK PETER,W,GARCIA JEROME J,,
BLACK PETER,W,HUNTER ROBERT C,,
BLACK PETER,P,ICE NINE PUBLISHING CO INC,,
BLACK PETER,P,UNIVERSAL MUSIC CORPORATION,,
BLUES FOR ALLAH,ASCAP,Total Controlled by ASCAP,100,
BLUES FOR ALLAH,W,GARCIA JEROME J,,
BLUES FOR ALLAH,W,HUNTER ROBERT C,,
BLUES FOR ALLAH,P,ICE NINE PUBLISHING CO INC,,
BLUES FOR ALLAH,P,UNIVERSAL MUSIC CORPORATION,,
BORNEO,ASCAP,Total Controlled by ASCAP,37.5,
BORNEO,W,DP  ,,
BORNEO,W,GARCIA JEROME J,,
BORNEO,W,HUNTER ROBERT C,,
BORNEO,W,MAC KERNAN RONALD CHARLES R C,,
BORNEO,W,WEIR ROBERT HALL,,
BORNEO,P,ICE NINE PUBLISHING CO INC,,
BORNEO,P,UNIVERSAL MUSIC CORPORATION,,
BOSTON CLAM JAM,ASCAP,Total Controlled by ASCAP,85.73,
BOSTON CLAM JAM,W,GARCIA JEROME J,,
BOSTON CLAM JAM,W,HART MICHAEL S,,
BOSTON CLAM JAM,W,HORNSBY BRUCE RANDALL,,
BOSTON CLAM JAM,W,KREUTZMANN WILLIAM ,,
BOSTON CLAM JAM,W,LESH PHILIP ,,
BOSTON CLAM JAM,W,WEIR ROBERT HALL,,
BOSTON CLAM JAM,W,WELNICK VINCE ,,
BOSTON CLAM JAM,P,ICE NINE PUBLISHING CO INC,,
BOSTON CLAM JAM,P,UNIVERSAL MUSIC CORPORATION,,
BOSTON CLAM JAM,P,Additional Non-ASCAP Publishers,,
BROKEDOWN PALACE,ASCAP,Total Controlled by ASCAP,100,
BROKEDOWN PALACE,W,GARCIA JEROME J,,
BROKEDOWN PALACE,W,HUNTER ROBERT C,,
BROKEDOWN PALACE,P,ICE NINE PUBLISHING CO INC,,
BROKEDOWN PALACE,P,UNIVERSAL MUSIC CORPORATION,,
BROWN-EYED WOMEN,ASCAP,Total Controlled by ASCAP,100,
BROWN-EYED WOMEN,W,GARCIA JEROME J,,
BROWN-EYED WOMEN,W,HUNTER ROBERT C,,
BROWN-EYED WOMEN,P,ICE NINE PUBLISHING CO INC,,
BROWN-EYED WOMEN,P,UNIVERSAL MUSIC CORPORATION,,
BUILT TO LAST,ASCAP,Total Controlled by ASCAP,100,
BUILT TO LAST,W,GARCIA JEROME J,,
BUILT TO LAST,W,HUNTER ROBERT C,,
BUILT TO LAST,P,ICE NINE PUBLISHING CO INC,,
BUILT TO LAST,P,UNIVERSAL MUSIC CORPORATION,,
C.C. RIDER,ASCAP,Total Controlled by ASCAP,83.35,
C.C. RIDER,W,DP  ,,
C.C. RIDER,W,GARCIA JEROME J,,
C.C. RIDER,W,HART MICHAEL S,,
C.C. RIDER,W,KREUTZMANN WILLIAM ,,
C.C. RIDER,W,LESH PHILIP ,,
C.C. RIDER,W,MYDLAND BRENT RICHARD,,
C.C. RIDER,W,WEIR ROBERT HALL,,
C.C. RIDER,P,ICE NINE PUBLISHING CO INC,,
C.C. RIDER,P,UNIVERSAL MUSIC CORPORATION,,
C.C. RIDER,P,Additional Non-ASCAP Publishers,,
CAN'T COME DOWN,ASCAP,Total Controlled by ASCAP,90,
CAN'T COME DOWN,W,GARCIA JEROME J,,
CAN'T COME DOWN,W,KREUTZMANN WILLIAM ,,
CAN'T COME DOWN,W,LESH PHILIP ,,
CAN'T COME DOWN,W,MAC KERNAN RONALD CHARLES R C,,
CAN'T COME DOWN,W,WEIR ROBERT HALL,,
CAN'T COME DOWN,P,ICE NINE PUBLISHING CO INC,,
CAN'T COME DOWN,P,UNIVERSAL MUSIC CORPORATION,,
CANDY MAN,ASCAP,Total Controlled by ASCAP,100,
CANDY MAN,W,GARCIA JEROME J,,
CANDY MAN,W,HUNTER ROBERT C,,
CANDY MAN,P,ICE NINE PUBLISHING CO INC,,
CANDY MAN,P,UNIVERSAL MUSIC CORPORATION,,
CANDYMAN,ASCAP,Total Controlled by ASCAP,100,
CANDYMAN,W,GARCIA JEROME J,,
CANDYMAN,W,HUNTER ROBERT C,,
CANDYMAN,P,ICE NINE PUBLISHING CO INC,,
CANDYMAN,P,UNIVERSAL MUSIC CORPORATION,,
CASEY JONES,ASCAP,Total Controlled by ASCAP,100,
CASEY JONES,W,GARCIA JEROME J,,
CASEY JONES,W,HUNTER ROBERT C,,
CASEY JONES,P,ICE NINE PUBLISHING CO INC,,
CASEY JONES,P,UNIVERSAL MUSIC CORPORATION,,
CATS UNDER THE STARS,ASCAP,Total Controlled by ASCAP,100,
CATS UNDER THE STARS,W,GARCIA JEROME J,,
CATS UNDER THE STARS,W,HUNTER ROBERT C,,
CATS UNDER THE STARS,P,ICE NINE PUBLISHING CO INC,,
CATS UNDER THE STARS,P,UNIVERSAL MUSIC CORPORATION,,
CAUTION (DO NOT STOP ON TRACKS),ASCAP,Total Controlled by ASCAP,90,
CAUTION (DO NOT STOP ON TRACKS),W,GARCIA JEROME J,,
CAUTION (DO NOT STOP ON TRACKS),W,HART MICHAEL S,,
CAUTION (DO NOT STOP ON TRACKS),W,KREUTZMANN WILLIAM ,,
CAUTION (DO NOT STOP ON TRACKS),W,LESH PHILIP ,,
CAUTION (DO NOT STOP ON TRACKS),W,MAC KERNAN RONALD CHARLES R C,,
CAUTION (DO NOT STOP ON TRACKS),P,ICE NINE PUBLISHING CO INC,,
CAUTION (DO NOT STOP ON TRACKS),P,UNIVERSAL MUSIC CORPORATION,,
CHINA CAT SUN FLOWER,ASCAP,Total Controlled by ASCAP,100,
CHINA CAT SUN FLOWER,W,GARCIA JEROME J,,
CHINA CAT SUN FLOWER,W,HUNTER ROBERT C,,
CHINA CAT SUN FLOWER,P,ICE NINE PUBLISHING CO INC,,
CHINA CAT SUN FLOWER,P,UNIVERSAL MUSIC CORPORATION,,
CHINA DOLL,ASCAP,Total Controlled by ASCAP,100,
CHINA DOLL,W,GARCIA JEROME J,,
CHINA DOLL,W,HUNTER ROBERT C,,
CHINA DOLL,P,ICE NINE PUBLISHING CO INC,,
CHINA DOLL,P,UNIVERSAL MUSIC CORPORATION,,
CLEMENTINE,ASCAP,Total Controlled by ASCAP,45.84,
CLEMENTINE,W,GARCIA JEROME J,,
CLEMENTINE,W,HART MICHAEL S,,
CLEMENTINE,W,HUNTER ROBERT C,,
CLEMENTINE,W,KREUTZMANN WILLIAM ,,
CLEMENTINE,W,LESH PHILIP ,,
CLEMENTINE,W,MAC KERNAN RONALD CHARLES R C,,
CLEMENTINE,W,WEIR ROBERT HALL,,
CLEMENTINE,P,ICE NINE PUBLISHING CO INC,,
CLEMENTINE,P,UNIVERSAL MUSIC CORPORATION,,
COCAINE HABIT BLUES,ASCAP,Total Controlled by ASCAP,100,
COCAINE HABIT BLUES,W,DP  ,,
COCAINE HABIT BLUES,W,GARCIA JEROME J,,
COCAINE HABIT BLUES,P,ICE NINE PUBLISHING CO INC,,
COCAINE HABIT BLUES,P,UNIVERSAL MUSIC CORPORATION,,
COLD JORDAN,ASCAP,Total Controlled by ASCAP,40,
COLD JORDAN,W,DP  ,,
COLD JORDAN,W,GARCIA JEROME J,,
COLD JORDAN,W,KREUTZMANN WILLIAM ,,
COLD JORDAN,W,LESH PHILIP ,,
COLD JORDAN,W,MAC KERNAN RONALD CHARLES R C,,
COLD JORDAN,W,WEIR ROBERT HALL,,
COLD JORDAN,P,ICE NINE PUBLISHING CO INC,,
COLD JORDAN,P,UNIVERSAL MUSIC CORPORATION,,
COLD RAIN AND SNOW,ASCAP,Total Controlled by ASCAP,90,
COLD RAIN AND SNOW,W,GARCIA JEROME J,,
COLD RAIN AND SNOW,W,KREUTZMANN WILLIAM ,,
COLD RAIN AND SNOW,W,LESH PHILIP ,,
COLD RAIN AND SNOW,W,MAC KERNAN RONALD CHARLES R C,,
COLD RAIN AND SNOW,W,WEIR ROBERT HALL,,
COLD RAIN AND SNOW,P,ICE NINE PUBLISHING CO INC,,
COLD RAIN AND SNOW,P,UNIVERSAL MUSIC CORPORATION,,
COMES A TIME,ASCAP,Total Controlled by ASCAP,100,
COMES A TIME,W,GARCIA JEROME J,,
COMES A TIME,W,HUNTER ROBERT C,,
COMES A TIME,P,ICE NINE PUBLISHING CO INC,,
COMES A TIME,P,UNIVERSAL MUSIC CORPORATION,,
COSMIC CHARLEY,ASCAP,Total Controlled by ASCAP,100,
COSMIC CHARLEY,W,GARCIA JEROME J,,
COSMIC CHARLEY,W,HUNTER ROBERT C,,
COSMIC CHARLEY,P,ICE NINE PUBLISHING CO INC,,
COSMIC CHARLEY,P,UNIVERSAL MUSIC CORPORATION,,
CRAZY FINGERS,ASCAP,Total Controlled by ASCAP,100,
CRAZY FINGERS,W,GARCIA JEROME J,,
CRAZY FINGERS,W,HUNTER ROBERT C,,
CRAZY FINGERS,P,ICE NINE PUBLISHING CO INC,,
CRAZY FINGERS,P,UNIVERSAL MUSIC CORPORATION,,
CREAM PUFF WAR,ASCAP,Total Controlled by ASCAP,100,
CREAM PUFF WAR,W,GARCIA JEROME J,,
CREAM PUFF WAR,P,ICE NINE PUBLISHING CO INC,,
CREAM PUFF WAR,P,UNIVERSAL MUSIC CORPORATION,,
CRYPTICAL ENVELOPMENT,ASCAP,Total Controlled by ASCAP,75,
CRYPTICAL ENVELOPMENT,W,GARCIA JEROME J,,
CRYPTICAL ENVELOPMENT,W,WEIR ROBERT HALL,,
CRYPTICAL ENVELOPMENT,P,ICE NINE PUBLISHING CO INC,,
CRYPTICAL ENVELOPMENT,P,UNIVERSAL MUSIC CORPORATION,,
CUMBERLAND BLUES,ASCAP,Total Controlled by ASCAP,100,
CUMBERLAND BLUES,W,GARCIA JEROME J,,
CUMBERLAND BLUES,W,HUNTER ROBERT C,,
CUMBERLAND BLUES,W,LESH PHILIP ,,
CUMBERLAND BLUES,P,ICE NINE PUBLISHING CO INC,,
CUMBERLAND BLUES,P,UNIVERSAL MUSIC CORPORATION,,
DARK STAR,ASCAP,Total Controlled by ASCAP,45.85,
DARK STAR,W,GARCIA JEROME J,,
DARK STAR,W,HART MICHAEL S,,
DARK STAR,W,HUNTER ROBERT C,,
DARK STAR,W,KREUTZMANN WILLIAM ,,
DARK STAR,W,LESH PHILIP ,,
DARK STAR,W,MAC KERNAN RONALD CHARLES R C,,
DARK STAR,W,WEIR ROBERT HALL,,
DARK STAR,P,ICE NINE PUBLISHING CO INC,,
DARK STAR,P,UNIVERSAL MUSIC CORPORATION,,
DAYS BETWEEN,ASCAP,Total Controlled by ASCAP,100,
DAYS BETWEEN,W,GARCIA JEROME J,,
DAYS BETWEEN,W,HUNTER ROBERT C,,
DAYS BETWEEN,P,ICE NINE PUBLISHING CO INC,,
DAYS BETWEEN,P,UNIVERSAL MUSIC CORPORATION,,
DEAD SYMPHONY NO 6,ASCAP,Total Controlled by ASCAP,95.45,
DEAD SYMPHONY NO 6,W,GARCIA JEROME J,,
DEAD SYMPHONY NO 6,W,HUNTER ROBERT C,,
DEAD SYMPHONY NO 6,W,JOHNSON LEE EDDIE,,
DEAD SYMPHONY NO 6,W,LESH PHILIP ,,
DEAD SYMPHONY NO 6,W,WEIR ROBERT HALL,,
DEAD SYMPHONY NO 6,P,ICE NINE PUBLISHING CO INC,,
DEAD SYMPHONY NO 6,P,UNIVERSAL MUSIC CORPORATION,,
DEAD SYMPHONY NO 6,P,Additional Non-ASCAP Publishers,,
DEAL,ASCAP,Total Controlled by ASCAP,100,
DEAL,W,GARCIA JEROME J,,
DEAL,W,HUNTER ROBERT C,,
DEAL,P,ICE NINE PUBLISHING CO INC,,
DEAL,P,UNIVERSAL MUSIC CORPORATION,,
DEEP ELEM BLUES,ASCAP,Total Controlled by ASCAP,83.4,
DEEP ELEM BLUES,W,GARCIA JEROME J,,
DEEP ELEM BLUES,W,HART MICHAEL S,,
DEEP ELEM BLUES,W,KREUTZMANN WILLIAM ,,
DEEP ELEM BLUES,W,LESH PHILIP ,,
DEEP ELEM BLUES,W,MYDLAND BRENT RICHARD,,
DEEP ELEM BLUES,W,WEIR ROBERT HALL,,
DEEP ELEM BLUES,P,ICE NINE PUBLISHING CO INC,,
DEEP ELEM BLUES,P,UNIVERSAL MUSIC CORPORATION,,
DEEP ELEM BLUES,P,Additional Non-ASCAP Publishers,,
DIRE WOLF,ASCAP,Total Controlled by ASCAP,100,
DIRE WOLF,W,GARCIA JEROME J,,
DIRE WOLF,W,HUNTER ROBERT C,,
DIRE WOLF,P,ICE NINE PUBLISHING CO INC,,
DIRE WOLF,P,UNIVERSAL MUSIC CORPORATION,,
DOIN THAT RAG,ASCAP,Total Controlled by ASCAP,100,
DOIN THAT RAG,W,GARCIA JEROME J,,
DOIN THAT RAG,W,HUNTER ROBERT C,,
DOIN THAT RAG,P,ICE NINE PUBLISHING CO INC,,
DOIN THAT RAG,P,UNIVERSAL MUSIC CORPORATION,,
DON T EASE ME IN,ASCAP,Total Controlled by ASCAP,83.4,
DON T EASE ME IN,W,GARCIA JEROME J,,
DON T EASE ME IN,W,HART MICHAEL S,,
DON T EASE ME IN,W,KREUTZMANN WILLIAM ,,
DON T EASE ME IN,W,LESH PHILIP ,,
DON T EASE ME IN,W,MYDLAND BRENT RICHARD,,
DON T EASE ME IN,W,WEIR ROBERT HALL,,
DON T EASE ME IN,P,ICE NINE PUBLISHING CO INC,,
DON T EASE ME IN,P,UNIVERSAL MUSIC CORPORATION,,
DOWN IN THE VALLEY,ASCAP,Total Controlled by ASCAP,50,
DOWN IN THE VALLEY,W,DP  ,,
DOWN IN THE VALLEY,W,GARCIA JEROME J,,
DOWN IN THE VALLEY,W,GRISMAN DAVID JAY,,
DOWN IN THE VALLEY,P,ICE NINE PUBLISHING CO INC,,
DOWN IN THE VALLEY,P,UNIVERSAL MUSIC CORPORATION,,
DOWN IN THE VALLEY,P,Additional Non-ASCAP Publishers,,
DRUMS > NEW YEAR'S JAM,ASCAP,Total Controlled by ASCAP,85.72,
DRUMS > NEW YEAR'S JAM,W,ERRICO GREG ,,
DRUMS > NEW YEAR'S JAM,W,GARCIA JEROME J,,
DRUMS > NEW YEAR'S JAM,W,HART MICHAEL S,,
DRUMS > NEW YEAR'S JAM,W,HOPKINS NICKY  ,,
DRUMS > NEW YEAR'S JAM,W,KAHN JOHN ,,
DRUMS > NEW YEAR'S JAM,W,KELLY MATTHEW BROWN,,
DRUMS > NEW YEAR'S JAM,W,WEIR ROBERT HALL,,
DRUMS > NEW YEAR'S JAM,P,ICE NINE PUBLISHING CO INC,,
DRUMS > NEW YEAR'S JAM,P,UNIVERSAL MUSIC CORPORATION,,
DRUMS > NEW YEAR'S JAM,P,Additional Non-ASCAP Publishers,,
DUPREE S DIAMOND BLUES,ASCAP,Total Controlled by ASCAP,100,
DUPREE S DIAMOND BLUES,W,GARCIA JEROME J,,
DUPREE S DIAMOND BLUES,W,HUNTER ROBERT C,,
DUPREE S DIAMOND BLUES,P,ICE NINE PUBLISHING CO INC,,
DUPREE S DIAMOND BLUES,P,UNIVERSAL MUSIC CORPORATION,,
EEP HOUR,ASCAP,Total Controlled by ASCAP,100,
EEP HOUR,W,GARCIA JEROME J,,
EEP HOUR,W,KREUTZMANN WILLIAM ,,
EEP HOUR,P,ICE NINE PUBLISHING CO INC,,
EEP HOUR,P,UNIVERSAL MUSIC CORPORATION,,
EPILOGUE,ASCAP,Total Controlled by ASCAP,83.35,
EPILOGUE,W,GARCIA JEROME J,,
EPILOGUE,W,GODCHAUX KEITH R RICHARD,,
EPILOGUE,W,KREUTZMANN WILLIAM ,,
EPILOGUE,W,LESH PHILIP ,,
EPILOGUE,W,MAC KERNAN RONALD CHARLES R C,,
EPILOGUE,W,WEIR ROBERT HALL,,
EPILOGUE,P,ICE NINE PUBLISHING CO INC,,
EPILOGUE,P,UNIVERSAL MUSIC CORPORATION,,
EYES OF THE WORLD,ASCAP,Total Controlled by ASCAP,100,
EYES OF THE WORLD,W,GARCIA JEROME J,,
EYES OF THE WORLD,W,HUNTER ROBERT C,,
EYES OF THE WORLD,P,ICE NINE PUBLISHING CO INC,,
EYES OF THE WORLD,P,UNIVERSAL MUSIC CORPORATION,,
FEEDBACK,ASCAP,Total Controlled by ASCAP,85.7,
FEEDBACK,W,CONSTANTEN THOMAS C,,
FEEDBACK,W,GARCIA JEROME J,,
FEEDBACK,W,HART MICHAEL S,,
FEEDBACK,W,KREUTZMANN WILLIAM ,,
FEEDBACK,W,LESH PHILIP ,,
FEEDBACK,W,MAC KERNAN RONALD CHARLES R C,,
FEEDBACK,W,WEIR ROBERT HALL,,
FEEDBACK,P,ICE NINE PUBLISHING CO INC,,
FEEDBACK,P,UNIVERSAL MUSIC CORPORATION,,
FOOLISH HEART,ASCAP,Total Controlled by ASCAP,100,
FOOLISH HEART,W,GARCIA JEROME J,,
FOOLISH HEART,W,HUNTER ROBERT C,,
FOOLISH HEART,P,ICE NINE PUBLISHING CO INC,,
FOOLISH HEART,P,UNIVERSAL MUSIC CORPORATION,,
FRANKLIN S TOWER (ROLL AWAY THE DEW),ASCAP,Total Controlled by ASCAP,100,
FRANKLIN S TOWER (ROLL AWAY THE DEW),W,GARCIA JEROME J,,
FRANKLIN S TOWER (ROLL AWAY THE DEW),W,HUNTER ROBERT C,,
FRANKLIN S TOWER (ROLL AWAY THE DEW),W,KREUTZMANN WILLIAM ,,
FRANKLIN S TOWER (ROLL AWAY THE DEW),P,ICE NINE PUBLISHING CO INC,,
FRANKLIN S TOWER (ROLL AWAY THE DEW),P,UNIVERSAL MUSIC CORPORATION,,
FRANKLIN'S TOWER,ASCAP,Total Controlled by ASCAP,100,
FRANKLIN'S TOWER,W,GARCIA JEROME J,,
FRANKLIN'S TOWER,W,HUNTER ROBERT C,,
FRANKLIN'S TOWER,W,KREUTZMANN WILLIAM ,,
FRANKLIN'S TOWER,P,ICE NINE PUBLISHING CO INC,,
FRANKLIN'S TOWER,P,UNIVERSAL MUSIC CORPORATION,,
FRIEND OF THE DEVIL,ASCAP,Total Controlled by ASCAP,100,
FRIEND OF THE DEVIL,W,DAWSON JOHN C,,
FRIEND OF THE DEVIL,W,GARCIA JEROME J,,
FRIEND OF THE DEVIL,W,HUNTER ROBERT C,,
FRIEND OF THE DEVIL,P,ICE NINE PUBLISHING CO INC,,
FRIEND OF THE DEVIL,P,UNIVERSAL MUSIC CORPORATION,,
"FUNICULI, FUNICULA",ASCAP,Total Controlled by ASCAP,40,
"FUNICULI, FUNICULA",W,DP  ,,
"FUNICULI, FUNICULA",W,GARCIA JEROME J,,
"FUNICULI, FUNICULA",W,KREUTZMANN WILLIAM ,,
"FUNICULI, FUNICULA",W,LESH PHILIP ,,
"FUNICULI, FUNICULA",W,MAC KERNAN RONALD CHARLES R C,,
"FUNICULI, FUNICULA",W,WEIR ROBERT HALL,,
"FUNICULI, FUNICULA",P,ICE NINE PUBLISHING CO INC,,
"FUNICULI, FUNICULA",P,UNIVERSAL MUSIC CORPORATION,,
GOIN DOWN THE ROAD FEELING,ASCAP,Total Controlled by ASCAP,85.7,
GOIN DOWN THE ROAD FEELING,W,GARCIA JEROME J,,
GOIN DOWN THE ROAD FEELING,W,HART MICHAEL S,,
GOIN DOWN THE ROAD FEELING,W,HUNTER ROBERT C,,
GOIN DOWN THE ROAD FEELING,W,KREUTZMANN WILLIAM ,,
GOIN DOWN THE ROAD FEELING,W,LESH PHILIP ,,
GOIN DOWN THE ROAD FEELING,W,MAC KERNAN RONALD CHARLES R C,,
GOIN DOWN THE ROAD FEELING,W,WEIR ROBERT HALL,,
GOIN DOWN THE ROAD FEELING,P,ICE NINE PUBLISHING CO INC,,
GOIN DOWN THE ROAD FEELING,P,UNIVERSAL MUSIC CORPORATION,,
GOIN' DOWN THE ROAD FEELING BAD,ASCAP,Total Controlled by ASCAP,42.87,
GOIN' DOWN THE ROAD FEELING BAD,W,DP  ,,
GOIN' DOWN THE ROAD FEELING BAD,W,GARCIA JEROME J,,
GOIN' DOWN THE ROAD FEELING BAD,W,HART MICHAEL S,,
GOIN' DOWN THE ROAD FEELING BAD,W,HUNTER ROBERT C,,
GOIN' DOWN THE ROAD FEELING BAD,W,KREUTZMANN WILLIAM ,,
GOIN' DOWN THE ROAD FEELING BAD,W,LESH PHILIP ,,
GOIN' DOWN THE ROAD FEELING BAD,W,MAC KERNAN RONALD CHARLES R C,,
GOIN' DOWN THE ROAD FEELING BAD,W,WEIR ROBERT HALL,,
GOIN' DOWN THE ROAD FEELING BAD,P,ICE NINE PUBLISHING CO INC,,
GOIN' DOWN THE ROAD FEELING BAD,P,UNIVERSAL MUSIC CORPORATION,,
GOLDEN ROAD,ASCAP,Total Controlled by ASCAP,90,
GOLDEN ROAD,W,GARCIA JEROME J,,
GOLDEN ROAD,W,KREUTZMANN WILLIAM ,,
GOLDEN ROAD,W,LESH PHILIP ,,
GOLDEN ROAD,W,MAC KERNAN RONALD CHARLES R C,,
GOLDEN ROAD,W,WEIR ROBERT HALL,,
GOLDEN ROAD,P,ICE NINE PUBLISHING CO INC,,
GOLDEN ROAD,P,UNIVERSAL MUSIC CORPORATION,,
GOMORRAH,ASCAP,Total Controlled by ASCAP,100,
GOMORRAH,W,GARCIA JEROME J,,
GOMORRAH,W,HUNTER ROBERT C,,
GOMORRAH,P,ICE NINE PUBLISHING CO INC,,
GOMORRAH,P,UNIVERSAL MUSIC CORPORATION,,
GRATEFUL DAWG,ASCAP,Total Controlled by ASCAP,25,
GRATEFUL DAWG,W,GARCIA JEROME J,,
GRATEFUL DAWG,W,GRISMAN DAVID JAY,,
GRATEFUL DAWG,P,ICE NINE PUBLISHING CO INC,,
GRATEFUL DAWG,P,UNIVERSAL MUSIC CORPORATION,,
GRATEFUL DAWG,P,Additional Non-ASCAP Publishers,,
GUITAR SPACE,ASCAP,Total Controlled by ASCAP,50,
GUITAR SPACE,W,GARCIA JEROME J,,
GUITAR SPACE,W,GRISMAN DAVID JAY,,
GUITAR SPACE,P,ICE NINE PUBLISHING CO INC,,
GUITAR SPACE,P,UNIVERSAL MUSIC CORPORATION,,
GUITAR SPACE,P,Additional Non-ASCAP Publishers,,
HE S GONE,ASCAP,Total Controlled by ASCAP,100,
HE S GONE,W,GARCIA JEROME J,,
HE S GONE,W,HUNTER ROBERT C,,
HE S GONE,P,ICE NINE PUBLISHING CO INC,,
HE S GONE,P,UNIVERSAL MUSIC CORPORATION,,
HE WAS A FRIEND OF MINE,ASCAP,Total Controlled by ASCAP,40,
HE WAS A FRIEND OF MINE,W,DP  ,,
HE WAS A FRIEND OF MINE,W,GARCIA JEROME J,,
HE WAS A FRIEND OF MINE,W,KREUTZMANN WILLIAM ,,
HE WAS A FRIEND OF MINE,W,LESH PHILIP ,,
HE WAS A FRIEND OF MINE,W,MAC KERNAN RONALD CHARLES R C,,
HE WAS A FRIEND OF MINE,W,WEIR ROBERT HALL,,
HE WAS A FRIEND OF MINE,P,ICE NINE PUBLISHING CO INC,,
HE WAS A FRIEND OF MINE,P,UNIVERSAL MUSIC CORPORATION,,
HELP ON THE WAY,ASCAP,Total Controlled by ASCAP,100,
HELP ON THE WAY,W,GARCIA JEROME J,,
HELP ON THE WAY,W,HUNTER ROBERT C,,
HELP ON THE WAY,P,ICE NINE PUBLISHING CO INC,,
HELP ON THE WAY,P,UNIVERSAL MUSIC CORPORATION,,
HERE COMES SUNSHINE,ASCAP,Total Controlled by ASCAP,100,
HERE COMES SUNSHINE,W,GARCIA JEROME J,,
HERE COMES SUNSHINE,W,HUNTER ROBERT C,,
HERE COMES SUNSHINE,P,ICE NINE PUBLISHING CO INC,,
HERE COMES SUNSHINE,P,UNIVERSAL MUSIC CORPORATION,,
HIGH TIME,ASCAP,Total Controlled by ASCAP,100,
HIGH TIME,W,GARCIA JEROME J,,
HIGH TIME,W,HUNTER ROBERT C,,
HIGH TIME,P,ICE NINE PUBLISHING CO INC,,
HIGH TIME,P,UNIVERSAL MUSIC CORPORATION,,
HOUSE OF THE RISING SUN,ASCAP,Total Controlled by ASCAP,50,
HOUSE OF THE RISING SUN,W,DP  ,,
HOUSE OF THE RISING SUN,W,GARCIA JEROME J,,
HOUSE OF THE RISING SUN,W,GRISMAN DAVID JAY,,
HOUSE OF THE RISING SUN,P,ICE NINE PUBLISHING CO INC,,
HOUSE OF THE RISING SUN,P,UNIVERSAL MUSIC CORPORATION,,
HOUSE OF THE RISING SUN,P,Additional Non-ASCAP Publishers,,
I KNOW YOU RIDER,ASCAP,Total Controlled by ASCAP,83.36,
I KNOW YOU RIDER,W,DP  ,,
I KNOW YOU RIDER,W,GARCIA JEROME J,,
I KNOW YOU RIDER,W,GODCHAUX KEITH R RICHARD,,
I KNOW YOU RIDER,W,KREUTZMANN WILLIAM ,,
I KNOW YOU RIDER,W,LESH PHILIP ,,
I KNOW YOU RIDER,W,MAC KERNAN RONALD CHARLES R C,,
I KNOW YOU RIDER,W,WEIR ROBERT HALL,,
I KNOW YOU RIDER,P,ICE NINE PUBLISHING CO INC,,
I KNOW YOU RIDER,P,UNIVERSAL MUSIC CORPORATION,,
I LOVE A GROOVE,ASCAP,Total Controlled by ASCAP,100,
I LOVE A GROOVE,W,GARCIA JEROME J,,
I LOVE A GROOVE,W,NORDINE KEN ,,
I LOVE A GROOVE,P,ICE NINE PUBLISHING CO INC,,
I LOVE A GROOVE,P,K-ARTS INC (RUBBER FROG MUSIC DIVISION),,
I LOVE A GROOVE,P,UNIVERSAL MUSIC CORPORATION,,
I VE BEEN ALL AROUND THIS W,ASCAP,Total Controlled by ASCAP,91.65,
I VE BEEN ALL AROUND THIS W,W,GARCIA JEROME J,,
I VE BEEN ALL AROUND THIS W,W,HART MICHAEL S,,
I VE BEEN ALL AROUND THIS W,W,KREUTZMANN WILLIAM ,,
I VE BEEN ALL AROUND THIS W,W,LESH PHILIP ,,
I VE BEEN ALL AROUND THIS W,W,MAC KERNAN RONALD CHARLES R C,,
I VE BEEN ALL AROUND THIS W,W,WEIR ROBERT HALL,,
I VE BEEN ALL AROUND THIS W,P,ICE NINE PUBLISHING CO INC,,
I VE BEEN ALL AROUND THIS W,P,UNIVERSAL MUSIC CORPORATION,,
I'M TROUBLED,ASCAP,Total Controlled by ASCAP,50,
I'M TROUBLED,W,DP  ,,
I'M TROUBLED,W,GARCIA JEROME J,,
I'M TROUBLED,W,GRISMAN DAVID JAY,,
I'M TROUBLED,P,ICE NINE PUBLISHING CO INC,,
I'M TROUBLED,P,UNIVERSAL MUSIC CORPORATION,,
I'M TROUBLED,P,Additional Non-ASCAP Publishers,,
I'VE BEEN ALL AROUND THIS WORLD,ASCAP,Total Controlled by ASCAP,41.68,
I'VE BEEN ALL AROUND THIS WORLD,W,DP  ,,
I'VE BEEN ALL AROUND THIS WORLD,W,GARCIA JEROME J,,
I'VE BEEN ALL AROUND THIS WORLD,W,HART MICHAEL S,,
I'VE BEEN ALL AROUND THIS WORLD,W,KREUTZMANN WILLIAM ,,
I'VE BEEN ALL AROUND THIS WORLD,W,LESH PHILIP ,,
I'VE BEEN ALL AROUND THIS WORLD,W,MAC KERNAN RONALD CHARLES R C,,
I'VE BEEN ALL AROUND THIS WORLD,W,WEIR ROBERT HALL,,
I'VE BEEN ALL AROUND THIS WORLD,P,ICE NINE PUBLISHING CO INC,,
I'VE BEEN ALL AROUND THIS WORLD,P,UNIVERSAL MUSIC CORPORATION,,
IF I HAD THE WORLD TO GIVE,ASCAP,Total Controlled by ASCAP,100,
IF I HAD THE WORLD TO GIVE,W,GARCIA JEROME J,,
IF I HAD THE WORLD TO GIVE,W,HUNTER ROBERT C,,
IF I HAD THE WORLD TO GIVE,P,ICE NINE PUBLISHING CO INC,,
IF I HAD THE WORLD TO GIVE,P,UNIVERSAL MUSIC CORPORATION,,
INFRARED ROSES,ASCAP,Total Controlled by ASCAP,70,
INFRARED ROSES,W,BRALOVE ROBERT MICHAEL,,
INFRARED ROSES,W,GARCIA JEROME J,,
INFRARED ROSES,W,LESH PHILIP ,,
INFRARED ROSES,W,MYDLAND BRENT RICHARD,,
INFRARED ROSES,W,WEIR ROBERT HALL,,
INFRARED ROSES,P,ICE NINE PUBLISHING CO INC,,
INFRARED ROSES,P,UNIVERSAL MUSIC CORPORATION,,
INFRARED ROSES,P,Additional Non-ASCAP Publishers,,
INSIDE OF IS,ASCAP,Total Controlled by ASCAP,100,
INSIDE OF IS,W,GARCIA JEROME J,,
INSIDE OF IS,W,NORDINE KEN ,,
INSIDE OF IS,P,ICE NINE PUBLISHING CO INC,,
INSIDE OF IS,P,K-ARTS INC (RUBBER FROG MUSIC DIVISION),,
INSIDE OF IS,P,UNIVERSAL MUSIC CORPORATION,,
JACKAROE,ASCAP,Total Controlled by ASCAP,100,
JACKAROE,W,BAEZ JOAN C,,
JACKAROE,W,GARCIA JEROME J,,
JACKAROE,W,HART MICHAEL S,,
JACKAROE,P,360 DEGREES PUBLISHING,,
JACKAROE,P,GABRIEL EARL MUSIC,,
JACKAROE,P,ICE NINE PUBLISHING CO INC,,
JACKAROE,P,UNIVERSAL MUSIC CORPORATION,,
JACKAROO,ASCAP,Total Controlled by ASCAP,100,
JACKAROO,W,DP  ,,
JACKAROO,W,GARCIA JEROME J,,
JACKAROO,P,ICE NINE PUBLISHING CO INC,,
JACKAROO,P,UNIVERSAL MUSIC CORPORATION,,
"JAM (LIVE IN SPRINGFIELD, MA, SEPTEMBER 3, 19",ASCAP,Total Controlled by ASCAP,83.35,
"JAM (LIVE IN SPRINGFIELD, MA, SEPTEMBER 3, 19",W,GARCIA JEROME J,,
"JAM (LIVE IN SPRINGFIELD, MA, SEPTEMBER 3, 19",W,HART MICHAEL S,,
"JAM (LIVE IN SPRINGFIELD, MA, SEPTEMBER 3, 19",W,KREUTZMANN WILLIAM ,,
"JAM (LIVE IN SPRINGFIELD, MA, SEPTEMBER 3, 19",W,LESH PHILIP ,,
"JAM (LIVE IN SPRINGFIELD, MA, SEPTEMBER 3, 19",W,MYDLAND BRENT RICHARD,,
"JAM (LIVE IN SPRINGFIELD, MA, SEPTEMBER 3, 19",W,WEIR ROBERT HALL,,
"JAM (LIVE IN SPRINGFIELD, MA, SEPTEMBER 3, 19",P,ICE NINE PUBLISHING CO INC,,
"JAM (LIVE IN SPRINGFIELD, MA, SEPTEMBER 3, 19",P,UNIVERSAL MUSIC CORPORATION,,
"JAM (LIVE IN SPRINGFIELD, MA, SEPTEMBER 3, 19",P,Additional Non-ASCAP Publishers,,
JAM 1 & 2,ASCAP,Total Controlled by ASCAP,25,
JAM 1 & 2,W,GARCIA JEROME J,,
JAM 1 & 2,W,GODCHAUX KEITH R RICHARD,,
JAM 1 & 2,P,ICE NINE PUBLISHING CO INC,,
JAM 1 & 2,P,UNIVERSAL MUSIC CORPORATION,,
JAM INTO DAYS BETWEEN,ASCAP,Total Controlled by ASCAP,80,
JAM INTO DAYS BETWEEN,W,GARCIA JEROME J,,
JAM INTO DAYS BETWEEN,W,HART MICHAEL S,,
JAM INTO DAYS BETWEEN,W,KREUTZMANN WILLIAM ,,
JAM INTO DAYS BETWEEN,W,LESH PHILIP ,,
JAM INTO DAYS BETWEEN,W,WELNICK VINCE ,,
JAM INTO DAYS BETWEEN,P,ICE NINE PUBLISHING CO INC,,
JAM INTO DAYS BETWEEN,P,UNIVERSAL MUSIC CORPORATION,,
JAM INTO DAYS BETWEEN,P,Additional Non-ASCAP Publishers,,
JAM OUT OF FOOLISH HEART,ASCAP,Total Controlled by ASCAP,83.35,
JAM OUT OF FOOLISH HEART,W,GARCIA JEROME J,,
JAM OUT OF FOOLISH HEART,W,HART MICHAEL S,,
JAM OUT OF FOOLISH HEART,W,KREUTZMANN WILLIAM ,,
JAM OUT OF FOOLISH HEART,W,LESH PHILIP ,,
JAM OUT OF FOOLISH HEART,W,WEIR ROBERT HALL,,
JAM OUT OF FOOLISH HEART,W,WELNICK VINCE ,,
JAM OUT OF FOOLISH HEART,P,ICE NINE PUBLISHING CO INC,,
JAM OUT OF FOOLISH HEART,P,UNIVERSAL MUSIC CORPORATION,,
JAM OUT OF FOOLISH HEART,P,Additional Non-ASCAP Publishers,,
JAM OUT OF TERRAPIN,ASCAP,Total Controlled by ASCAP,83.35,
JAM OUT OF TERRAPIN,W,GARCIA JEROME J,,
JAM OUT OF TERRAPIN,W,HART MICHAEL S,,
JAM OUT OF TERRAPIN,W,KREUTZMANN WILLIAM ,,
JAM OUT OF TERRAPIN,W,LESH PHILIP ,,
JAM OUT OF TERRAPIN,W,WEIR ROBERT HALL,,
JAM OUT OF TERRAPIN,W,WELNICK VINCE ,,
JAM OUT OF TERRAPIN,P,ICE NINE PUBLISHING CO INC,,
JAM OUT OF TERRAPIN,P,UNIVERSAL MUSIC CORPORATION,,
JAM OUT OF TERRAPIN,P,Additional Non-ASCAP Publishers,,
JERRY'S BREAKDOWN,ASCAP,Total Controlled by ASCAP,100,
JERRY'S BREAKDOWN,W,GARCIA JEROME J,,
JERRY'S BREAKDOWN,P,ICE NINE PUBLISHING CO INC,,
JERRY'S BREAKDOWN,P,UNIVERSAL MUSIC CORPORATION,,
KEEP ROLLING BY,ASCAP,Total Controlled by ASCAP,40,
KEEP ROLLING BY,W,GARCIA JEROME J,,
KEEP ROLLING BY,W,KREUTZMANN WILLIAM ,,
KEEP ROLLING BY,W,LESH PHILIP ,,
KEEP ROLLING BY,W,MAC KERNAN RONALD CHARLES R C,,
KEEP ROLLING BY,W,WEIR ROBERT HALL,,
KEEP ROLLING BY,P,ICE NINE PUBLISHING CO INC,,
KEEP ROLLING BY,P,UNIVERSAL MUSIC CORPORATION,,
KEEP YOUR DAY JOB,ASCAP,Total Controlled by ASCAP,100,
KEEP YOUR DAY JOB,W,GARCIA JEROME J,,
KEEP YOUR DAY JOB,W,HUNTER ROBERT C,,
KEEP YOUR DAY JOB,P,ICE NINE PUBLISHING CO INC,,
KEEP YOUR DAY JOB,P,UNIVERSAL MUSIC CORPORATION,,
KY JAM,ASCAP,Total Controlled by ASCAP,83.35,
KY JAM,W,GARCIA JEROME J,,
KY JAM,W,HART MICHAEL S,,
KY JAM,W,KREUTZMANN WILLIAM ,,
KY JAM,W,LESH PHILIP ,,
KY JAM,W,MYDLAND BRENT RICHARD,,
KY JAM,W,WEIR ROBERT HALL,,
KY JAM,P,ICE NINE PUBLISHING CO INC,,
KY JAM,P,UNIVERSAL MUSIC CORPORATION,,
KY JAM,P,Additional Non-ASCAP Publishers,,
LADY WITH A FAN,ASCAP,Total Controlled by ASCAP,100,
LADY WITH A FAN,W,GARCIA JEROME J,,
LADY WITH A FAN,W,HUNTER ROBERT C,,
LADY WITH A FAN,P,ICE NINE PUBLISHING CO INC,,
LADY WITH A FAN,P,UNIVERSAL MUSIC CORPORATION,,
LATE FOR SUPPER,ASCAP,Total Controlled by ASCAP,100,
LATE FOR SUPPER,W,GARCIA JEROME J,,
LATE FOR SUPPER,P,ICE NINE PUBLISHING CO INC,,
LATE FOR SUPPER,P,UNIVERSAL MUSIC CORPORATION,,
LAZY RIVER ROAD,ASCAP,Total Controlled by ASCAP,100,
LAZY RIVER ROAD,W,GARCIA JEROME J,,
LAZY RIVER ROAD,W,HUNTER ROBERT C,,
LAZY RIVER ROAD,P,ICE NINE PUBLISHING CO INC,,
LAZY RIVER ROAD,P,UNIVERSAL MUSIC CORPORATION,,
LIBERTY,ASCAP,Total Controlled by ASCAP,100,
LIBERTY,W,GARCIA JEROME J,,
LIBERTY,W,HUNTER ROBERT C,,
LIBERTY,P,ICE NINE PUBLISHING CO INC,,
LIBERTY,P,UNIVERSAL MUSIC CORPORATION,,
LITTLE NEMO IN NIGHTLAND,ASCAP,Total Controlled by ASCAP,75,
LITTLE NEMO IN NIGHTLAND,W,BRALOVE ROBERT MICHAEL,,
LITTLE NEMO IN NIGHTLAND,W,GARCIA JEROME J,,
LITTLE NEMO IN NIGHTLAND,W,LESH PHILIP ,,
LITTLE NEMO IN NIGHTLAND,W,WEIR ROBERT HALL,,
LITTLE NEMO IN NIGHTLAND,P,ICE NINE PUBLISHING CO INC,,
LITTLE NEMO IN NIGHTLAND,P,UNIVERSAL MUSIC CORPORATION,,
LITTLE NEMO IN NIGHTLAND,P,Additional Non-ASCAP Publishers,,
LOOSE LUCY,ASCAP,Total Controlled by ASCAP,100,
LOOSE LUCY,W,GARCIA JEROME J,,
LOOSE LUCY,W,HUNTER ROBERT C,,
LOOSE LUCY,P,ICE NINE PUBLISHING CO INC,,
LOOSE LUCY,P,UNIVERSAL MUSIC CORPORATION,,
LOSER,ASCAP,Total Controlled by ASCAP,100,
LOSER,W,GARCIA JEROME J,,
LOSER,W,HUNTER ROBERT C,,
LOSER,P,ICE NINE PUBLISHING CO INC,,
LOSER,P,UNIVERSAL MUSIC CORPORATION,,
LOVE SCENE,ASCAP,Total Controlled by ASCAP,100,
LOVE SCENE,W,GARCIA JEROME J,,
LOVE SCENE,P,ICE NINE PUBLISHING CO INC,,
LOVE SCENE,P,UNIVERSAL MUSIC CORPORATION,,
LOVE SCENE (FROM ZABRISKIE POI,ASCAP,Total Controlled by ASCAP,100,
LOVE SCENE (FROM ZABRISKIE POI,W,GARCIA JEROME J,,
LOVE SCENE (FROM ZABRISKIE POI,P,EMI FEIST CATALOG INC,,
LOVE SCENE IMPROVISATIONS (VERSION 1),ASCAP,Total Controlled by ASCAP,100,
LOVE SCENE IMPROVISATIONS (VERSION 1),W,GARCIA JEROME J,,
LOVE SCENE IMPROVISATIONS (VERSION 1),P,ICE NINE PUBLISHING CO INC,,
LOVE SCENE IMPROVISATIONS (VERSION 1),P,UNIVERSAL MUSIC CORPORATION,,
LOVE SCENE IMPROVISATIONS (VERSION 2),ASCAP,Total Controlled by ASCAP,100,
LOVE SCENE IMPROVISATIONS (VERSION 2),W,GARCIA JEROME J,,
LOVE SCENE IMPROVISATIONS (VERSION 2),P,ICE NINE PUBLISHING CO INC,,
LOVE SCENE IMPROVISATIONS (VERSION 2),P,UNIVERSAL MUSIC CORPORATION,,
LOVE SCENE IMPROVISATIONS (VERSION 3),ASCAP,Total Controlled by ASCAP,100,
LOVE SCENE IMPROVISATIONS (VERSION 3),W,GARCIA JEROME J,,
LOVE SCENE IMPROVISATIONS (VERSION 3),P,ICE NINE PUBLISHING CO INC,,
LOVE SCENE IMPROVISATIONS (VERSION 3),P,UNIVERSAL MUSIC CORPORATION,,
LOVE SCENE IMPROVISATIONS (VERSION 4),ASCAP,Total Controlled by ASCAP,100,
LOVE SCENE IMPROVISATIONS (VERSION 4),W,GARCIA JEROME J,,
LOVE SCENE IMPROVISATIONS (VERSION 4),P,ICE NINE PUBLISHING CO INC,,
LOVE SCENE IMPROVISATIONS (VERSION 4),P,UNIVERSAL MUSIC CORPORATION,,
LUNATIC PRESERVE,ASCAP,Total Controlled by ASCAP,85.73,
LUNATIC PRESERVE,W,GARCIA JEROME J,,
LUNATIC PRESERVE,W,HART MICHAEL S,,
LUNATIC PRESERVE,W,HORNSBY BRUCE RANDALL,,
LUNATIC PRESERVE,W,KREUTZMANN WILLIAM ,,
LUNATIC PRESERVE,W,LESH PHILIP ,,
LUNATIC PRESERVE,W,WEIR ROBERT HALL,,
LUNATIC PRESERVE,W,WELNICK VINCE ,,
LUNATIC PRESERVE,P,ICE NINE PUBLISHING CO INC,,
LUNATIC PRESERVE,P,UNIVERSAL MUSIC CORPORATION,,
LUNATIC PRESERVE,P,Additional Non-ASCAP Publishers,,
MAGNESIUM NIGHT LIGHT,ASCAP,Total Controlled by ASCAP,75,
MAGNESIUM NIGHT LIGHT,W,GARCIA JEROME J,,
MAGNESIUM NIGHT LIGHT,W,LESH PHILIP ,,
MAGNESIUM NIGHT LIGHT,W,MYDLAND BRENT RICHARD,,
MAGNESIUM NIGHT LIGHT,W,WEIR ROBERT HALL,,
MAGNESIUM NIGHT LIGHT,P,ICE NINE PUBLISHING CO INC,,
MAGNESIUM NIGHT LIGHT,P,UNIVERSAL MUSIC CORPORATION,,
MAGNESIUM NIGHT LIGHT,P,Additional Non-ASCAP Publishers,,
MAN OF CONSTANT SORROW,ASCAP,Total Controlled by ASCAP,50,
MAN OF CONSTANT SORROW,W,DP  ,,
MAN OF CONSTANT SORROW,W,GARCIA JEROME J,,
MAN OF CONSTANT SORROW,W,GRISMAN DAVID JAY,,
MAN OF CONSTANT SORROW,P,ICE NINE PUBLISHING CO INC,,
MAN OF CONSTANT SORROW,P,UNIVERSAL MUSIC CORPORATION,,
MAN OF CONSTANT SORROW,P,Additional Non-ASCAP Publishers,,
MASON S CHILDREN,ASCAP,Total Controlled by ASCAP,100,
MASON S CHILDREN,W,GARCIA JEROME J,,
MASON S CHILDREN,W,HUNTER ROBERT C,,
MASON S CHILDREN,W,LESH PHILIP ,,
MASON S CHILDREN,W,WEIR ROBERT HALL,,
MASON S CHILDREN,P,ICE NINE PUBLISHING CO INC,,
MASON S CHILDREN,P,UNIVERSAL MUSIC CORPORATION,,
MIDNIGHT GETAWAY,ASCAP,Total Controlled by ASCAP,100,
MIDNIGHT GETAWAY,W,GARCIA JEROME J,,
MIDNIGHT GETAWAY,W,HUNTER ROBERT C,,
MIDNIGHT GETAWAY,W,KAHN JOHN ,,
MIDNIGHT GETAWAY,P,ICE NINE PUBLISHING CO INC,,
MIDNIGHT GETAWAY,P,UNIVERSAL MUSIC CORPORATION,,
MIGHT AS WELL,ASCAP,Total Controlled by ASCAP,100,
MIGHT AS WELL,W,GARCIA JEROME J,,
MIGHT AS WELL,W,HUNTER ROBERT C,,
MIGHT AS WELL,P,ICE NINE PUBLISHING CO INC,,
MIGHT AS WELL,P,UNIVERSAL MUSIC CORPORATION,,
MIND LEFT BODY JAM,ASCAP,Total Controlled by ASCAP,100,
MIND LEFT BODY JAM,W,GARCIA JEROME J,,
MIND LEFT BODY JAM,W,KREUTZMANN WILLIAM ,,
MIND LEFT BODY JAM,W,LESH PHILIP ,,
MIND LEFT BODY JAM,W,WEIR ROBERT HALL,,
MIND LEFT BODY JAM,P,ICE NINE PUBLISHING CO INC,,
MIND LEFT BODY JAM,P,UNIVERSAL MUSIC CORPORATION,,
MINDBENDER (CONFUSION'S PRINCE),ASCAP,Total Controlled by ASCAP,100,
MINDBENDER (CONFUSION'S PRINCE),W,GARCIA JEROME J,,
MINDBENDER (CONFUSION'S PRINCE),W,LESH PHILIP ,,
MINDBENDER (CONFUSION'S PRINCE),P,ICE NINE PUBLISHING CO INC,,
MINDBENDER (CONFUSION'S PRINCE),P,UNIVERSAL MUSIC CORPORATION,,
MISSION IN THE RAIN,ASCAP,Total Controlled by ASCAP,100,
MISSION IN THE RAIN,W,GARCIA JEROME J,,
MISSION IN THE RAIN,W,HUNTER ROBERT C,,
MISSION IN THE RAIN,P,ICE NINE PUBLISHING CO INC,,
MISSION IN THE RAIN,P,UNIVERSAL MUSIC CORPORATION,,
MISSISSIPPI HALF STEP UPTOW,ASCAP,Total Controlled by ASCAP,100,
MISSISSIPPI HALF STEP UPTOW,W,GARCIA JEROME J,,
MISSISSIPPI HALF STEP UPTOW,W,HUNTER ROBERT C,,
MISSISSIPPI HALF STEP UPTOW,P,ICE NINE PUBLISHING CO INC,,
MISSISSIPPI HALF STEP UPTOW,P,UNIVERSAL MUSIC CORPORATION,,
MISSISSIPPI HALF-STEP UPTOWN TOODELOO,ASCAP,Total Controlled by ASCAP,100,
MISSISSIPPI HALF-STEP UPTOWN TOODELOO,W,GARCIA JEROME J,,
MISSISSIPPI HALF-STEP UPTOWN TOODELOO,W,HUNTER ROBERT C,,
MISSISSIPPI HALF-STEP UPTOWN TOODELOO,P,ICE NINE PUBLISHING CO INC,,
MISSISSIPPI HALF-STEP UPTOWN TOODELOO,P,UNIVERSAL MUSIC CORPORATION,,
MOUNTAIN SONG,ASCAP,Total Controlled by ASCAP,62.5,
MOUNTAIN SONG,W,CROSBY DAVID VAN CORTLANDT,,
MOUNTAIN SONG,W,GARCIA JEROME J,,
MOUNTAIN SONG,W,HUNTER ROBERT C,,
MOUNTAIN SONG,W,LESH BRIAN JAMES,,
MOUNTAIN SONG,P,BLUE DRAGON MUSIC,,
MOUNTAIN SONG,P,ICE NINE PUBLISHING CO INC,,
MOUNTAIN SONG,P,UNIVERSAL MUSIC CORPORATION,,
MOUNTAIN SONG,P,Additional Non-ASCAP Publishers,,
MOUNTAINS OF THE MOON,ASCAP,Total Controlled by ASCAP,100,
MOUNTAINS OF THE MOON,W,GARCIA JEROME J,,
MOUNTAINS OF THE MOON,W,HUNTER ROBERT C,,
MOUNTAINS OF THE MOON,P,ICE NINE PUBLISHING CO INC,,
MOUNTAINS OF THE MOON,P,UNIVERSAL MUSIC CORPORATION,,
MR SLICK,ASCAP,Total Controlled by ASCAP,100,
MR SLICK,W,GARCIA JEROME J,,
MR SLICK,W,NORDINE KEN ,,
MR SLICK,P,ICE NINE PUBLISHING CO INC,,
MR SLICK,P,K-ARTS INC (RUBBER FROG MUSIC DIVISION),,
MR SLICK,P,UNIVERSAL MUSIC CORPORATION,,
MUD LOVE BUDDY JAM,ASCAP,Total Controlled by ASCAP,83.35,
MUD LOVE BUDDY JAM,W,GARCIA JEROME J,,
MUD LOVE BUDDY JAM,W,HART MICHAEL S,,
MUD LOVE BUDDY JAM,W,KREUTZMANN WILLIAM ,,
MUD LOVE BUDDY JAM,W,LESH PHILIP ,,
MUD LOVE BUDDY JAM,W,MYDLAND BRENT RICHARD,,
MUD LOVE BUDDY JAM,W,WEIR ROBERT HALL,,
MUD LOVE BUDDY JAM,P,ICE NINE PUBLISHING CO INC,,
MUD LOVE BUDDY JAM,P,UNIVERSAL MUSIC CORPORATION,,
MUD LOVE BUDDY JAM,P,Additional Non-ASCAP Publishers,,
NEW MINGLEWOOD BLUES,ASCAP,Total Controlled by ASCAP,83.35,
NEW MINGLEWOOD BLUES,W,DP  ,,
NEW MINGLEWOOD BLUES,W,GARCIA JEROME J,,
NEW MINGLEWOOD BLUES,W,HART MICHAEL S,,
NEW MINGLEWOOD BLUES,W,KREUTZMANN WILLIAM ,,
NEW MINGLEWOOD BLUES,W,LESH PHILIP ,,
NEW MINGLEWOOD BLUES,W,MYDLAND BRENT RICHARD,,
NEW MINGLEWOOD BLUES,W,WEIR ROBERT HALL,,
NEW MINGLEWOOD BLUES,P,ICE NINE PUBLISHING CO INC,,
NEW MINGLEWOOD BLUES,P,UNIVERSAL MUSIC CORPORATION,,
NEW MINGLEWOOD BLUES,P,Additional Non-ASCAP Publishers,,
NEW NEW MINGLEWOOD BLUES,ASCAP,Total Controlled by ASCAP,90,
NEW NEW MINGLEWOOD BLUES,W,GARCIA JEROME J,,
NEW NEW MINGLEWOOD BLUES,W,KREUTZMANN WILLIAM ,,
NEW NEW MINGLEWOOD BLUES,W,LESH PHILIP ,,
NEW NEW MINGLEWOOD BLUES,W,MAC KERNAN RONALD CHARLES R C,,
NEW NEW MINGLEWOOD BLUES,W,WEIR ROBERT HALL,,
NEW NEW MINGLEWOOD BLUES,P,ICE NINE PUBLISHING CO INC,,
NEW NEW MINGLEWOOD BLUES,P,UNIVERSAL MUSIC CORPORATION,,
NEW SPEEDWAY BOOGIE,ASCAP,Total Controlled by ASCAP,100,
NEW SPEEDWAY BOOGIE,W,GARCIA JEROME J,,
NEW SPEEDWAY BOOGIE,W,HUNTER ROBERT C,,
NEW SPEEDWAY BOOGIE,P,ICE NINE PUBLISHING CO INC,,
NEW SPEEDWAY BOOGIE,P,UNIVERSAL MUSIC CORPORATION,,
NEW TWILIGHT ZONE THEME (OPENING AND CLOSING ,ASCAP,Total Controlled by ASCAP,71,
NEW TWILIGHT ZONE THEME (OPENING AND CLOSING ,W,GARCIA JEROME J,,
NEW TWILIGHT ZONE THEME (OPENING AND CLOSING ,W,HART MICHAEL S,,
NEW TWILIGHT ZONE THEME (OPENING AND CLOSING ,W,KREUTZMANN WILLIAM ,,
NEW TWILIGHT ZONE THEME (OPENING AND CLOSING ,W,LESH PHILIP ,,
NEW TWILIGHT ZONE THEME (OPENING AND CLOSING ,W,MYDLAND BRENT RICHARD,,
NEW TWILIGHT ZONE THEME (OPENING AND CLOSING ,W,SAUNDERS MERL ,,
NEW TWILIGHT ZONE THEME (OPENING AND CLOSING ,W,WEIR ROBERT HALL,,
NEW TWILIGHT ZONE THEME (OPENING AND CLOSING ,P,ASPENFAIR MUSIC INC,,
NEW TWILIGHT ZONE THEME (OPENING AND CLOSING ,P,SONY ATV HARMONY,,
NEW TWILIGHT ZONE THEME (OPENING AND CLOSING ,P,Additional Non-ASCAP Publishers,,
NO MSG JAM,ASCAP,Total Controlled by ASCAP,83.35,
NO MSG JAM,W,GARCIA JEROME J,,
NO MSG JAM,W,HART MICHAEL S,,
NO MSG JAM,W,KREUTZMANN WILLIAM ,,
NO MSG JAM,W,LESH PHILIP ,,
NO MSG JAM,W,WEIR ROBERT HALL,,
NO MSG JAM,W,WELNICK VINCE ,,
NO MSG JAM,P,ICE NINE PUBLISHING CO INC,,
NO MSG JAM,P,UNIVERSAL MUSIC CORPORATION,,
NO MSG JAM,P,Additional Non-ASCAP Publishers,,
NOBODY'S SPOONFUL JAM,ASCAP,Total Controlled by ASCAP,41.68,
NOBODY'S SPOONFUL JAM,W,GARCIA JEROME J,,
NOBODY'S SPOONFUL JAM,W,HART MICHAEL S,,
NOBODY'S SPOONFUL JAM,W,KREUTZMANN WILLIAM ,,
NOBODY'S SPOONFUL JAM,W,LESH PHILIP ,,
NOBODY'S SPOONFUL JAM,W,MAC KERNAN RONALD CHARLES R C,,
NOBODY'S SPOONFUL JAM,W,WEIR ROBERT HALL,,
NOBODY'S SPOONFUL JAM,P,ICE NINE PUBLISHING CO INC,,
NOBODY'S SPOONFUL JAM,P,UNIVERSAL MUSIC CORPORATION,,
ON THE ROAD AGAIN,ASCAP,Total Controlled by ASCAP,83.4,
ON THE ROAD AGAIN,W,GARCIA JEROME J,,
ON THE ROAD AGAIN,W,HART MICHAEL S,,
ON THE ROAD AGAIN,W,KREUTZMANN WILLIAM ,,
ON THE ROAD AGAIN,W,LESH PHILIP ,,
ON THE ROAD AGAIN,W,MYDLAND BRENT RICHARD,,
ON THE ROAD AGAIN,W,WEIR ROBERT HALL,,
ON THE ROAD AGAIN,P,ICE NINE PUBLISHING CO INC,,
ON THE ROAD AGAIN,P,UNIVERSAL MUSIC CORPORATION,,
ON THE ROAD AGAIN,P,Additional Non-ASCAP Publishers,,
ONLY TIME IS NOW,ASCAP,Total Controlled by ASCAP,75,
ONLY TIME IS NOW,W,GARCIA JEROME J,,
ONLY TIME IS NOW,W,PARKER DAVID R. ,,
ONLY TIME IS NOW,P,ICE NINE PUBLISHING CO INC,,
ONLY TIME IS NOW,P,UNIVERSAL MUSIC CORPORATION,,
ORANGE TANGO JAM,ASCAP,Total Controlled by ASCAP,83.35,
ORANGE TANGO JAM,W,GARCIA JEROME J,,
ORANGE TANGO JAM,W,HART MICHAEL S,,
ORANGE TANGO JAM,W,KREUTZMANN WILLIAM ,,
ORANGE TANGO JAM,W,LESH PHILIP ,,
ORANGE TANGO JAM,W,MYDLAND BRENT RICHARD,,
ORANGE TANGO JAM,W,WEIR ROBERT HALL,,
ORANGE TANGO JAM,P,ICE NINE PUBLISHING CO INC,,
ORANGE TANGO JAM,P,UNIVERSAL MUSIC CORPORATION,,
ORANGE TANGO JAM,P,Additional Non-ASCAP Publishers,,
PALM SUNDAY,ASCAP,Total Controlled by ASCAP,100,
PALM SUNDAY,W,GARCIA JEROME J,,
PALM SUNDAY,W,HUNTER ROBERT C,,
PALM SUNDAY,P,ICE NINE PUBLISHING CO INC,,
PALM SUNDAY,P,UNIVERSAL MUSIC CORPORATION,,
PEGGY-O,ASCAP,Total Controlled by ASCAP,40,
PEGGY-O,W,DP  ,,
PEGGY-O,W,GARCIA JEROME J,,
PEGGY-O,W,KREUTZMANN WILLIAM ,,
PEGGY-O,W,LESH PHILIP ,,
PEGGY-O,W,MAC KERNAN RONALD CHARLES R C,,
PEGGY-O,W,WEIR ROBERT HALL,,
PEGGY-O,P,ICE NINE PUBLISHING CO INC,,
PEGGY-O,P,UNIVERSAL MUSIC CORPORATION,,
POST-MODERN HIGHRISE TABLETOP STOMP,ASCAP,Total Controlled by ASCAP,83.35,
POST-MODERN HIGHRISE TABLETOP STOMP,W,GARCIA JEROME J,,
POST-MODERN HIGHRISE TABLETOP STOMP,W,HART MICHAEL S,,
POST-MODERN HIGHRISE TABLETOP STOMP,W,KREUTZMANN WILLIAM ,,
POST-MODERN HIGHRISE TABLETOP STOMP,W,LESH PHILIP ,,
POST-MODERN HIGHRISE TABLETOP STOMP,W,MYDLAND BRENT RICHARD,,
POST-MODERN HIGHRISE TABLETOP STOMP,W,WEIR ROBERT HALL,,
POST-MODERN HIGHRISE TABLETOP STOMP,P,ICE NINE PUBLISHING CO INC,,
POST-MODERN HIGHRISE TABLETOP STOMP,P,UNIVERSAL MUSIC CORPORATION,,
POST-MODERN HIGHRISE TABLETOP STOMP,P,Additional Non-ASCAP Publishers,,
PRELUDE,ASCAP,Total Controlled by ASCAP,66.7,
PRELUDE,W,GARCIA JEROME J,,
PRELUDE,W,GODCHAUX KEITH R RICHARD,,
PRELUDE,W,KREUTZMANN WILLIAM ,,
PRELUDE,W,LESH PHILIP ,,
PRELUDE,W,MAC KERNAN RONALD CHARLES R C,,
PRELUDE,W,WEIR ROBERT HALL,,
PRELUDE,P,ICE NINE PUBLISHING CO INC,,
PRELUDE,P,UNIVERSAL MUSIC CORPORATION,,
PRELUDE,P,Additional Non-ASCAP Publishers,,
QUADLIBET FOR TENDER FEET,ASCAP,Total Controlled by ASCAP,90,
QUADLIBET FOR TENDER FEET,W,GARCIA JEROME J,,
QUADLIBET FOR TENDER FEET,W,KREUTZMANN WILLIAM ,,
QUADLIBET FOR TENDER FEET,W,LESH PHILIP ,,
QUADLIBET FOR TENDER FEET,W,MAC KERNAN RONALD CHARLES R C,,
QUADLIBET FOR TENDER FEET,W,WEIR ROBERT HALL,,
QUADLIBET FOR TENDER FEET,P,ICE NINE PUBLISHING CO INC,,
QUADLIBET FOR TENDER FEET,P,UNIVERSAL MUSIC CORPORATION,,
RAMBLE ON ROSE,ASCAP,Total Controlled by ASCAP,100,
RAMBLE ON ROSE,W,GARCIA JEROME J,,
RAMBLE ON ROSE,W,HUNTER ROBERT C,,
RAMBLE ON ROSE,P,ICE NINE PUBLISHING CO INC,,
RAMBLE ON ROSE,P,UNIVERSAL MUSIC CORPORATION,,
REFRAIN,ASCAP,Total Controlled by ASCAP,100,
REFRAIN,W,GARCIA JEROME J,,
REFRAIN,P,ICE NINE PUBLISHING CO INC,,
REFRAIN,P,UNIVERSAL MUSIC CORPORATION,,
REUBEN AND CHERISE,ASCAP,Total Controlled by ASCAP,100,
REUBEN AND CHERISE,W,GARCIA JEROME J,,
REUBEN AND CHERISE,W,HUNTER ROBERT C,,
REUBEN AND CHERISE,P,ICE NINE PUBLISHING CO INC,,
REUBEN AND CHERISE,P,UNIVERSAL MUSIC CORPORATION,,
RHAPSODY IN RED,ASCAP,Total Controlled by ASCAP,100,
RHAPSODY IN RED,W,GARCIA JEROME J,,
RHAPSODY IN RED,W,HUNTER ROBERT C,,
RHAPSODY IN RED,W,KAHN JOHN ,,
RHAPSODY IN RED,P,ICE NINE PUBLISHING CO INC,,
RHAPSODY IN RED,P,UNIVERSAL MUSIC CORPORATION,,
RIPPLE,ASCAP,Total Controlled by ASCAP,100,
RIPPLE,W,GARCIA JEROME J,,
RIPPLE,W,HUNTER ROBERT C,,
RIPPLE,P,ICE NINE PUBLISHING CO INC,,
RIPPLE,P,UNIVERSAL MUSIC CORPORATION,,
RIVER WORLD WAY,ASCAP,Total Controlled by ASCAP,0,
RIVER WORLD WAY,W,GARCIA JEROME J,,
RIVER WORLD WAY,P,Additional Non-ASCAP Publishers,,
RIVERSIDE RHAPSODY,ASCAP,Total Controlled by ASCAP,83.35,
RIVERSIDE RHAPSODY,W,GARCIA JEROME J,,
RIVERSIDE RHAPSODY,W,HART MICHAEL S,,
RIVERSIDE RHAPSODY,W,KREUTZMANN WILLIAM ,,
RIVERSIDE RHAPSODY,W,LESH PHILIP ,,
RIVERSIDE RHAPSODY,W,MYDLAND BRENT RICHARD,,
RIVERSIDE RHAPSODY,W,WEIR ROBERT HALL,,
RIVERSIDE RHAPSODY,P,ICE NINE PUBLISHING CO INC,,
RIVERSIDE RHAPSODY,P,UNIVERSAL MUSIC CORPORATION,,
RIVERSIDE RHAPSODY,P,Additional Non-ASCAP Publishers,,
ROSALIE MCFALL,ASCAP,Total Controlled by ASCAP,50,
ROSALIE MCFALL,W,DP  ,,
ROSALIE MCFALL,W,GARCIA JEROME J,,
ROSALIE MCFALL,W,GRISMAN DAVID JAY,,
ROSALIE MCFALL,P,ICE NINE PUBLISHING CO INC,,
ROSALIE MCFALL,P,UNIVERSAL MUSIC CORPORATION,,
ROSALIE MCFALL,P,Additional Non-ASCAP Publishers,,
ROSEMARY,ASCAP,Total Controlled by ASCAP,100,
ROSEMARY,W,GARCIA JEROME J,,
ROSEMARY,W,HUNTER ROBERT C,,
ROSEMARY,P,ICE NINE PUBLISHING CO INC,,
ROSEMARY,P,UNIVERSAL MUSIC CORPORATION,,
ROW JIMMY,ASCAP,Total Controlled by ASCAP,100,
ROW JIMMY,W,GARCIA JEROME J,,
ROW JIMMY,W,HUNTER ROBERT C,,
ROW JIMMY,P,ICE NINE PUBLISHING CO INC,,
ROW JIMMY,P,UNIVERSAL MUSIC CORPORATION,,
ROW JIMMY ROW,ASCAP,Total Controlled by ASCAP,100,
ROW JIMMY ROW,W,GARCIA JEROME J,,
ROW JIMMY ROW,W,HUNTER ROBERT C,,
ROW JIMMY ROW,P,ICE NINE PUBLISHING CO INC,,
ROW JIMMY ROW,P,UNIVERSAL MUSIC CORPORATION,,
RUBIN AND CHERISE,ASCAP,Total Controlled by ASCAP,100,
RUBIN AND CHERISE,W,GARCIA JEROME J,,
RUBIN AND CHERISE,W,HUNTER ROBERT C,,
RUBIN AND CHERISE,P,ICE NINE PUBLISHING CO INC,,
RUBIN AND CHERISE,P,UNIVERSAL MUSIC CORPORATION,,
RUN FOR THE ROSES,ASCAP,Total Controlled by ASCAP,100,
RUN FOR THE ROSES,W,GARCIA JEROME J,,
RUN FOR THE ROSES,W,HUNTER ROBERT C,,
RUN FOR THE ROSES,P,ICE NINE PUBLISHING CO INC,,
RUN FOR THE ROSES,P,UNIVERSAL MUSIC CORPORATION,,
SAND CASTLES AND GLASS CAME,ASCAP,Total Controlled by ASCAP,41.6,
SAND CASTLES AND GLASS CAME,W,GARCIA JEROME J,,
SAND CASTLES AND GLASS CAME,W,GODCHAUX KEITH R RICHARD,,
SAND CASTLES AND GLASS CAME,W,HART MICHAEL S,,
SAND CASTLES AND GLASS CAME,W,KREUTZMANN BILL ,,
SAND CASTLES AND GLASS CAME,W,LESH PHILIP ,,
SAND CASTLES AND GLASS CAME,W,WEIR ROBERT HALL,,
SAND CASTLES AND GLASS CAME,W,WRITER UNKNOWN  ,,
SAND CASTLES AND GLASS CAME,P,ICE NINE PUBLISHING CO INC,,
SAND CASTLES AND GLASS CAME,P,UNIVERSAL MUSIC CORPORATION,,
SAND CASTLES AND GLASS CAME,P,Additional Non-ASCAP Publishers,,
SCARLET BEGONIAS,ASCAP,Total Controlled by ASCAP,100,
SCARLET BEGONIAS,W,GARCIA JEROME J,,
SCARLET BEGONIAS,W,HUNTER ROBERT C,,
SCARLET BEGONIAS,P,ICE NINE PUBLISHING CO INC,,
SCARLET BEGONIAS,P,UNIVERSAL MUSIC CORPORATION,,
SHADY JAM,ASCAP,Total Controlled by ASCAP,50,
SHADY JAM,W,DP  ,,
SHADY JAM,W,GARCIA JEROME J,,
SHADY JAM,W,GRISMAN DAVID JAY,,
SHADY JAM,P,ICE NINE PUBLISHING CO INC,,
SHADY JAM,P,UNIVERSAL MUSIC CORPORATION,,
SHADY JAM,P,Additional Non-ASCAP Publishers,,
SHAKEDOWN STREET,ASCAP,Total Controlled by ASCAP,100,
SHAKEDOWN STREET,W,GARCIA JEROME J,,
SHAKEDOWN STREET,W,HUNTER ROBERT C,,
SHAKEDOWN STREET,P,ICE NINE PUBLISHING CO INC,,
SHAKEDOWN STREET,P,UNIVERSAL MUSIC CORPORATION,,
SHIP OF FOOLS,ASCAP,Total Controlled by ASCAP,100,
SHIP OF FOOLS,W,GARCIA JEROME J,,
SHIP OF FOOLS,W,HUNTER ROBERT C,,
SHIP OF FOOLS,P,ICE NINE PUBLISHING CO INC,,
SHIP OF FOOLS,P,UNIVERSAL MUSIC CORPORATION,,
SLIP KNOT,ASCAP,Total Controlled by ASCAP,90,
SLIP KNOT,W,GARCIA JEROME J,,
SLIP KNOT,W,GODCHAUX KEITH R RICHARD,,
SLIP KNOT,W,KREUTZMANN WILLIAM ,,
SLIP KNOT,W,LESH PHILIP ,,
SLIP KNOT,W,WEIR ROBERT HALL,,
SLIP KNOT,P,ICE NINE PUBLISHING CO INC,,
SLIP KNOT,P,UNIVERSAL MUSIC CORPORATION,,
SLIPKNOT,ASCAP,Total Controlled by ASCAP,40,
SLIPKNOT,W,GARCIA JEROME J,,
SLIPKNOT,W,GODCHAUX KEITH R RICHARD,,
SLIPKNOT,W,KREUTZMANN WILLIAM ,,
SLIPKNOT,W,LESH PHILIP ,,
SLIPKNOT,W,WEIR ROBERT HALL,,
SLIPKNOT,P,ICE NINE PUBLISHING CO INC,,
SLIPKNOT,P,UNIVERSAL MUSIC CORPORATION,,
SO MANY ROADS,ASCAP,Total Controlled by ASCAP,100,
SO MANY ROADS,W,GARCIA JEROME J,,
SO MANY ROADS,W,HUNTER ROBERT C,,
SO MANY ROADS,P,ICE NINE PUBLISHING CO INC,,
SO MANY ROADS,P,UNIVERSAL MUSIC CORPORATION,,
SPACE,ASCAP,Total Controlled by ASCAP,75,
SPACE,W,GARCIA JEROME J,,
SPACE,W,LESH PHILIP ,,
SPACE,W,MYDLAND BRENT RICHARD,,
SPACE,W,WEIR ROBERT HALL,,
SPACE,P,ICE NINE PUBLISHING CO INC,,
SPACE,P,UNIVERSAL MUSIC CORPORATION,,
SPACE,P,Additional Non-ASCAP Publishers,,
SPARROW HAWK ROW,ASCAP,Total Controlled by ASCAP,75,
SPARROW HAWK ROW,W,BRALOVE ROBERT MICHAEL,,
SPARROW HAWK ROW,W,GARCIA JEROME J,,
SPARROW HAWK ROW,W,HART MICHAEL S,,
SPARROW HAWK ROW,W,HEALY DANIEL J ,,
SPARROW HAWK ROW,W,KREUTZMANN WILLIAM ,,
SPARROW HAWK ROW,W,LESH PHILIP ,,
SPARROW HAWK ROW,W,MYDLAND BRENT RICHARD,,
SPARROW HAWK ROW,W,WEIR ROBERT HALL,,
SPARROW HAWK ROW,P,ICE NINE PUBLISHING CO INC,,
SPARROW HAWK ROW,P,UNIVERSAL MUSIC CORPORATION,,
SPARROW HAWK ROW,P,Additional Non-ASCAP Publishers,,
SPIDERGAWD,ASCAP,Total Controlled by ASCAP,99.8,
SPIDERGAWD,W,GARCIA JEROME J,,
SPIDERGAWD,W,HUNTER ROBERT C,,
SPIDERGAWD,W,KREUTZMANN WILLIAM ,,
SPIDERGAWD,W,WRITER UNKNOWN  ,,
SPIDERGAWD,P,ICE NINE PUBLISHING CO INC,,
SPIDERGAWD,P,UNIVERSAL MUSIC CORPORATION,,
SPINACH JAM,ASCAP,Total Controlled by ASCAP,83.35,
SPINACH JAM,W,GARCIA JEROME J,,
SPINACH JAM,W,HART MICHAEL S,,
SPINACH JAM,W,KREUTZMANN WILLIAM ,,
SPINACH JAM,W,LESH PHILIP ,,
SPINACH JAM,W,MYDLAND BRENT RICHARD,,
SPINACH JAM,W,WEIR ROBERT HALL,,
SPINACH JAM,P,ICE NINE PUBLISHING CO INC,,
SPINACH JAM,P,UNIVERSAL MUSIC CORPORATION,,
SPINACH JAM,P,Additional Non-ASCAP Publishers,,
ST STEPHEN,ASCAP,Total Controlled by ASCAP,100,
ST STEPHEN,W,GARCIA JEROME J,,
ST STEPHEN,W,HUNTER ROBERT C,,
ST STEPHEN,W,LESH PHILIP ,,
ST STEPHEN,P,ICE NINE PUBLISHING CO INC,,
ST STEPHEN,P,UNIVERSAL MUSIC CORPORATION,,
STAGGERLEE,ASCAP,Total Controlled by ASCAP,100,
STAGGERLEE,W,GARCIA JEROME J,,
STAGGERLEE,W,HUNTER ROBERT C,,
STAGGERLEE,P,ICE NINE PUBLISHING CO INC,,
STAGGERLEE,P,UNIVERSAL MUSIC CORPORATION,,
STANDING ON THE CORNER,ASCAP,Total Controlled by ASCAP,40,
STANDING ON THE CORNER,W,GARCIA JEROME J,,
STANDING ON THE CORNER,W,KREUTZMANN WILLIAM ,,
STANDING ON THE CORNER,W,LESH PHILIP ,,
STANDING ON THE CORNER,W,MAC KERNAN RONALD CHARLES R C,,
STANDING ON THE CORNER,W,WEIR ROBERT HALL,,
STANDING ON THE CORNER,P,ICE NINE PUBLISHING CO INC,,
STANDING ON THE CORNER,P,UNIVERSAL MUSIC CORPORATION,,
STANDING ON THE MOON,ASCAP,Total Controlled by ASCAP,100,
STANDING ON THE MOON,W,GARCIA JEROME J,,
STANDING ON THE MOON,W,HUNTER ROBERT C,,
STANDING ON THE MOON,P,ICE NINE PUBLISHING CO INC,,
STANDING ON THE MOON,P,UNIVERSAL MUSIC CORPORATION,,
STELLA BLUE,ASCAP,Total Controlled by ASCAP,100,
STELLA BLUE,W,GARCIA JEROME J,,
STELLA BLUE,W,HUNTER ROBERT C,,
STELLA BLUE,P,ICE NINE PUBLISHING CO INC,,
STELLA BLUE,P,UNIVERSAL MUSIC CORPORATION,,
SUGAREE,ASCAP,Total Controlled by ASCAP,100,
SUGAREE,W,GARCIA JEROME J,,
SUGAREE,W,HUNTER ROBERT C,,
SUGAREE,P,ICE NINE PUBLISHING CO INC,,
SUGAREE,P,UNIVERSAL MUSIC CORPORATION,,
SWING LOW SWEET CHARIOT,ASCAP,Total Controlled by ASCAP,100,
SWING LOW SWEET CHARIOT,W,DP  ,,
SWING LOW SWEET CHARIOT,W,GARCIA JEROME J,,
SWING LOW SWEET CHARIOT,P,ICE NINE PUBLISHING CO INC,,
SWING LOW SWEET CHARIOT,P,UNIVERSAL MUSIC CORPORATION,,
TAKE A STEP BACK,ASCAP,Total Controlled by ASCAP,83.35,
TAKE A STEP BACK,W,GARCIA JEROME J,,
TAKE A STEP BACK,W,HART MICHAEL S,,
TAKE A STEP BACK,W,KREUTZMANN WILLIAM ,,
TAKE A STEP BACK,W,LESH PHILIP ,,
TAKE A STEP BACK,W,MYDLAND BRENT RICHARD,,
TAKE A STEP BACK,W,WEIR ROBERT HALL,,
TAKE A STEP BACK,P,ICE NINE PUBLISHING CO INC,,
TAKE A STEP BACK,P,UNIVERSAL MUSIC CORPORATION,,
TAKE A STEP BACK,P,Additional Non-ASCAP Publishers,,
TENNESSEE JED,ASCAP,Total Controlled by ASCAP,100,
TENNESSEE JED,W,GARCIA JEROME J,,
TENNESSEE JED,W,HUNTER ROBERT C,,
TENNESSEE JED,P,ICE NINE PUBLISHING CO INC,,
TENNESSEE JED,P,UNIVERSAL MUSIC CORPORATION,,
TERRAPIN,ASCAP,Total Controlled by ASCAP,100,
TERRAPIN,W,GARCIA JEROME J,,
TERRAPIN,W,HUNTER ROBERT C,,
TERRAPIN,P,ICE NINE PUBLISHING CO INC,,
TERRAPIN,P,UNIVERSAL MUSIC CORPORATION,,
TERRAPIN STATION,ASCAP,Total Controlled by ASCAP,100,
TERRAPIN STATION,W,GARCIA JEROME J,,
TERRAPIN STATION,W,HUNTER ROBERT C,,
TERRAPIN STATION,P,ICE NINE PUBLISHING CO INC,,
TERRAPIN STATION,P,UNIVERSAL MUSIC CORPORATION,,
THAT'S IT FOR THE OTHER ONE,ASCAP,Total Controlled by ASCAP,40,
THAT'S IT FOR THE OTHER ONE,W,GARCIA JEROME J,,
THAT'S IT FOR THE OTHER ONE,W,KREUTZMANN WILLIAM ,,
THAT'S IT FOR THE OTHER ONE,W,LESH PHILIP ,,
THAT'S IT FOR THE OTHER ONE,W,MAC KERNAN RONALD CHARLES R C,,
THAT'S IT FOR THE OTHER ONE,W,WEIR ROBERT HALL,,
THAT'S IT FOR THE OTHER ONE,P,ICE NINE PUBLISHING CO INC,,
THAT'S IT FOR THE OTHER ONE,P,UNIVERSAL MUSIC CORPORATION,,
THATS IT FOR THE OTHER,ASCAP,Total Controlled by ASCAP,0,
THATS IT FOR THE OTHER,W,GARCIA JEROME J,,
THATS IT FOR THE OTHER,W,KREUTZMANN WILLIAM ,,
THATS IT FOR THE OTHER,W,LESH PHILIP ,,
THATS IT FOR THE OTHER,W,MAC KERNAN RONALD CHARLES R C,,
THATS IT FOR THE OTHER,W,WEIR ROBERT HALL,,
THATS IT FOR THE OTHER,P,ICE NINE PUBLISHING CO INC,,
THATS IT FOR THE OTHER,P,UNIVERSAL MUSIC CORPORATION,,
THE ELIMINATORS,ASCAP,Total Controlled by ASCAP,100,
THE ELIMINATORS,W,GARCIA JEROME J,,
THE ELIMINATORS,W,HART CREEK ,,
THE ELIMINATORS,W,HART MICHAEL S,,
THE ELIMINATORS,W,HART TARO SAMUEL LOUIS,,
THE ELIMINATORS,P,360 DEGREES PUBLISHING,,
THE ELIMINATORS,P,ICE NINE PUBLISHING CO INC,,
THE ELIMINATORS,P,UNIVERSAL MUSIC CORPORATION,,
THE HANDSOME CABIN BOY,ASCAP,Total Controlled by ASCAP,50,
THE HANDSOME CABIN BOY,W,DP  ,,
THE HANDSOME CABIN BOY,W,GARCIA JEROME J,,
THE HANDSOME CABIN BOY,W,GRISMAN DAVID JAY,,
THE HANDSOME CABIN BOY,P,ICE NINE PUBLISHING CO INC,,
THE HANDSOME CABIN BOY,P,UNIVERSAL MUSIC CORPORATION,,
THE HANDSOME CABIN BOY,P,Additional Non-ASCAP Publishers,,
THE MONKEY AND THE ENGINEER,ASCAP,Total Controlled by ASCAP,83.36,
THE MONKEY AND THE ENGINEER,W,GARCIA JEROME J,,
THE MONKEY AND THE ENGINEER,W,HART MICHAEL S,,
THE MONKEY AND THE ENGINEER,W,KREUTZMANN WILLIAM ,,
THE MONKEY AND THE ENGINEER,W,LESH PHILIP ,,
THE MONKEY AND THE ENGINEER,W,MYDLAND BRENT RICHARD,,
THE MONKEY AND THE ENGINEER,W,WEIR ROBERT HALL,,
THE MONKEY AND THE ENGINEER,P,ICE NINE PUBLISHING CO INC,,
THE MONKEY AND THE ENGINEER,P,UNIVERSAL MUSIC CORPORATION,,
THE MONKEY AND THE ENGINEER,P,Additional Non-ASCAP Publishers,,
THE SWEET SUNNY SOUTH,ASCAP,Total Controlled by ASCAP,50,
THE SWEET SUNNY SOUTH,W,DP  ,,
THE SWEET SUNNY SOUTH,W,GARCIA JEROME J,,
THE SWEET SUNNY SOUTH,W,GRISMAN DAVID JAY,,
THE SWEET SUNNY SOUTH,P,ICE NINE PUBLISHING CO INC,,
THE SWEET SUNNY SOUTH,P,UNIVERSAL MUSIC CORPORATION,,
THE SWEET SUNNY SOUTH,P,Additional Non-ASCAP Publishers,,
THERE AIN T NO BUGS ON ME,ASCAP,Total Controlled by ASCAP,50,
THERE AIN T NO BUGS ON ME,W,DP  ,,
THERE AIN T NO BUGS ON ME,W,GARCIA JEROME J,,
THERE AIN T NO BUGS ON ME,W,GRISMAN DAVID JAY,,
THERE AIN T NO BUGS ON ME,P,ICE NINE PUBLISHING CO INC,,
THERE AIN T NO BUGS ON ME,P,Additional Non-ASCAP Publishers,,
THEY LOVE EACH OTHER,ASCAP,Total Controlled by ASCAP,100,
THEY LOVE EACH OTHER,W,GARCIA JEROME J,,
THEY LOVE EACH OTHER,W,HUNTER ROBERT C,,
THEY LOVE EACH OTHER,P,ICE NINE PUBLISHING CO INC,,
THEY LOVE EACH OTHER,P,UNIVERSAL MUSIC CORPORATION,,
TILL THE MORNING COMES,ASCAP,Total Controlled by ASCAP,100,
TILL THE MORNING COMES,W,GARCIA JEROME J,,
TILL THE MORNING COMES,W,HUNTER ROBERT C,,
TILL THE MORNING COMES,P,ICE NINE PUBLISHING CO INC,,
TILL THE MORNING COMES,P,UNIVERSAL MUSIC CORPORATION,,
TO LAY ME DOWN,ASCAP,Total Controlled by ASCAP,100,
TO LAY ME DOWN,W,GARCIA JEROME J,,
TO LAY ME DOWN,W,HUNTER ROBERT C,,
TO LAY ME DOWN,P,ICE NINE PUBLISHING CO INC,,
TO LAY ME DOWN,P,UNIVERSAL MUSIC CORPORATION,,
TOUCH OF GREY,ASCAP,Total Controlled by ASCAP,100,
TOUCH OF GREY,W,GARCIA JEROME J,,
TOUCH OF GREY,W,HUNTER ROBERT C,,
TOUCH OF GREY,P,ICE NINE PUBLISHING CO INC,,
TOUCH OF GREY,P,UNIVERSAL MUSIC CORPORATION,,
TRUCKIN,ASCAP,Total Controlled by ASCAP,100,
TRUCKIN,W,GARCIA JEROME J,,
TRUCKIN,W,HUNTER ROBERT C,,
TRUCKIN,W,LESH PHILIP ,,
TRUCKIN,W,WEIR ROBERT HALL,,
TRUCKIN,P,ICE NINE PUBLISHING CO INC,,
TRUCKIN,P,UNIVERSAL MUSIC CORPORATION,,
TUNING,ASCAP,Total Controlled by ASCAP,85.72,
TUNING,W,ERRICO GREG ,,
TUNING,W,GARCIA JEROME J,,
TUNING,W,HART MICHAEL S,,
TUNING,W,HOPKINS NICKY  ,,
TUNING,W,KAHN JOHN ,,
TUNING,W,KELLY MATTHEW BROWN,,
TUNING,W,WEIR ROBERT HALL,,
TUNING,P,ICE NINE PUBLISHING CO INC,,
TUNING,P,UNIVERSAL MUSIC CORPORATION,,
TUNING,P,Additional Non-ASCAP Publishers,,
TWILIGHT ZONE (OPENING THEME),ASCAP,Total Controlled by ASCAP,50,
TWILIGHT ZONE (OPENING THEME),W,GARCIA JEROME J,,
TWILIGHT ZONE (OPENING THEME),W,HART MICHAEL S,,
TWILIGHT ZONE (OPENING THEME),W,KREUTZMANN WILLIAM ,,
TWILIGHT ZONE (OPENING THEME),W,LESH PHILIP ,,
TWILIGHT ZONE (OPENING THEME),W,MYDLAND BRENT RICHARD,,
TWILIGHT ZONE (OPENING THEME),W,SAUNDERS MERL ,,
TWILIGHT ZONE (OPENING THEME),W,WEIR ROBERT HALL,,
TWILIGHT ZONE (OPENING THEME),P,ASPENFAIR MUSIC INC,,
TWILIGHT ZONE (OPENING THEME),P,SONY ATV HARMONY,,
TWILIGHT ZONE (OPENING THEME),P,Additional Non-ASCAP Publishers,,
TWILIGHT ZONE CUES,ASCAP,Total Controlled by ASCAP,50,
TWILIGHT ZONE CUES,W,GARCIA JEROME J,,
TWILIGHT ZONE CUES,W,SAUNDERS MERL ,,
TWILIGHT ZONE CUES,P,ASPENFAIR MUSIC INC,,
TWILIGHT ZONE CUES,P,SONY ATV HARMONY,,
TWILIGHT ZONE CUES,P,Additional Non-ASCAP Publishers,,
TWILIGHT ZONE CUES (THE),ASCAP,Total Controlled by ASCAP,75,
TWILIGHT ZONE CUES (THE),W,GARCIA JEROME J,,
TWILIGHT ZONE CUES (THE),W,KAHN JOHN ,,
TWILIGHT ZONE CUES (THE),W,MYDLAND BRENT RICHARD,,
TWILIGHT ZONE CUES (THE),W,WEIR ROBERT HALL,,
TWILIGHT ZONE CUES (THE),P,ASPENFAIR MUSIC INC,,
TWILIGHT ZONE CUES (THE),P,SONY ATV HARMONY,,
TWILIGHT ZONE CUES (THE),P,Additional Non-ASCAP Publishers,,
TWILIGHT ZONE CUES (THE),ASCAP,Total Controlled by ASCAP,75,
TWILIGHT ZONE CUES (THE),W,GARCIA JEROME J,,
TWILIGHT ZONE CUES (THE),W,HART MICHAEL S,,
TWILIGHT ZONE CUES (THE),W,SAUNDERS MERL ,,
TWILIGHT ZONE CUES (THE),W,WEIR ROBERT HALL,,
TWILIGHT ZONE CUES (THE),P,ASPENFAIR MUSIC INC,,
TWILIGHT ZONE CUES (THE),P,SONY ATV HARMONY,,
TWILIGHT ZONE CUES (THE),P,Additional Non-ASCAP Publishers,,
TWILIGHT ZONE CUES (THE),ASCAP,Total Controlled by ASCAP,66.75,
TWILIGHT ZONE CUES (THE),W,GARCIA JEROME J,,
TWILIGHT ZONE CUES (THE),W,HART MICHAEL S,,
TWILIGHT ZONE CUES (THE),W,KREUTZMANN WILLIAM ,,
TWILIGHT ZONE CUES (THE),W,MYDLAND BRENT RICHARD,,
TWILIGHT ZONE CUES (THE),W,SAUNDERS MERL ,,
TWILIGHT ZONE CUES (THE),W,WEIR ROBERT HALL,,
TWILIGHT ZONE CUES (THE),P,ASPENFAIR MUSIC INC,,
TWILIGHT ZONE CUES (THE),P,SONY ATV HARMONY,,
TWILIGHT ZONE CUES (THE),P,Additional Non-ASCAP Publishers,,
TWILIGHT ZONE CUES (THE),ASCAP,Total Controlled by ASCAP,100,
TWILIGHT ZONE CUES (THE),W,GARCIA JEROME J,,
TWILIGHT ZONE CUES (THE),P,ASPENFAIR MUSIC INC,,
TWILIGHT ZONE CUES (THE),P,SONY ATV HARMONY,,
TWILIGHT ZONE CUES (THE),ASCAP,Total Controlled by ASCAP,50,
TWILIGHT ZONE CUES (THE),W,GARCIA JEROME J,,
TWILIGHT ZONE CUES (THE),W,MYDLAND BRENT RICHARD,,
TWILIGHT ZONE CUES (THE),W,SAUNDERS MERL ,,
TWILIGHT ZONE CUES (THE),W,WEIR ROBERT HALL,,
TWILIGHT ZONE CUES (THE),P,ASPENFAIR MUSIC INC,,
TWILIGHT ZONE CUES (THE),P,SONY ATV HARMONY,,
TWILIGHT ZONE CUES (THE),P,Additional Non-ASCAP Publishers,,
TWILIGHT ZONE CUES (THE),ASCAP,Total Controlled by ASCAP,50,
TWILIGHT ZONE CUES (THE),W,GARCIA JEROME J,,
TWILIGHT ZONE CUES (THE),W,SAUNDERS MERL ,,
TWILIGHT ZONE CUES (THE),W,WEIR ROBERT HALL,,
TWILIGHT ZONE CUES (THE),P,ASPENFAIR MUSIC INC,,
TWILIGHT ZONE CUES (THE),P,SONY ATV HARMONY,,
TWILIGHT ZONE CUES (THE),P,Additional Non-ASCAP Publishers,,
TWILIGHT ZONE CUES (THE),ASCAP,Total Controlled by ASCAP,100,
TWILIGHT ZONE CUES (THE),W,GARCIA JEROME J,,
TWILIGHT ZONE CUES (THE),W,WEIR ROBERT HALL,,
TWILIGHT ZONE CUES (THE),P,ASPENFAIR MUSIC INC,,
TWILIGHT ZONE CUES (THE),P,SONY ATV HARMONY,,
TWILIGHT ZONE CUES (THE),ASCAP,Total Controlled by ASCAP,50,
TWILIGHT ZONE CUES (THE),W,GARCIA JEROME J,,
TWILIGHT ZONE CUES (THE),W,MYDLAND BRENT RICHARD,,
TWILIGHT ZONE CUES (THE),W,SAUNDERS MERL ,,
TWILIGHT ZONE CUES (THE),W,WEIR ROBERT HALL,,
TWILIGHT ZONE CUES (THE),P,ASPENFAIR MUSIC INC,,
TWILIGHT ZONE CUES (THE),P,SONY ATV HARMONY,,
TWILIGHT ZONE CUES (THE),P,Additional Non-ASCAP Publishers,,
TWILIGHT ZONE CUES (THE),ASCAP,Total Controlled by ASCAP,40,
TWILIGHT ZONE CUES (THE),W,GARCIA JEROME J,,
TWILIGHT ZONE CUES (THE),W,MYDLAND BRENT RICHARD,,
TWILIGHT ZONE CUES (THE),W,SAUNDERS MERL ,,
TWILIGHT ZONE CUES (THE),W,WASHINGTON ANTHONY SAUNDERS,,
TWILIGHT ZONE CUES (THE),W,WEIR ROBERT HALL,,
TWILIGHT ZONE CUES (THE),P,ASPENFAIR MUSIC INC,,
TWILIGHT ZONE CUES (THE),P,SONY ATV HARMONY,,
TWILIGHT ZONE CUES (THE),P,Additional Non-ASCAP Publishers,,
TWILIGHT ZONE CUES (THE),ASCAP,Total Controlled by ASCAP,60.75,
TWILIGHT ZONE CUES (THE),W,GARCIA JEROME J,,
TWILIGHT ZONE CUES (THE),W,HART MICHAEL S,,
TWILIGHT ZONE CUES (THE),W,KREUTZMANN WILLIAM ,,
TWILIGHT ZONE CUES (THE),W,LESH PHILIP ,,
TWILIGHT ZONE CUES (THE),W,MYDLAND BRENT RICHARD,,
TWILIGHT ZONE CUES (THE),W,SAUNDERS MERL ,,
TWILIGHT ZONE CUES (THE),W,WEIR ROBERT HALL,,
TWILIGHT ZONE CUES (THE),P,ASPENFAIR MUSIC INC,,
TWILIGHT ZONE CUES (THE),P,SONY ATV HARMONY,,
TWILIGHT ZONE CUES (THE),P,Additional Non-ASCAP Publishers,,
U S BLUES,ASCAP,Total Controlled by ASCAP,100,
U S BLUES,W,GARCIA JEROME J,,
U S BLUES,W,HUNTER ROBERT C,,
U S BLUES,P,ICE NINE PUBLISHING CO INC,,
U S BLUES,P,UNIVERSAL MUSIC CORPORATION,,
UNCLE JOHN S BAND,ASCAP,Total Controlled by ASCAP,100,
UNCLE JOHN S BAND,W,GARCIA JEROME J,,
UNCLE JOHN S BAND,W,HUNTER ROBERT C,,
UNCLE JOHN S BAND,P,ICE NINE PUBLISHING CO INC,,
UNCLE JOHN S BAND,P,UNIVERSAL MUSIC CORPORATION,,
UNUSUAL OCCURANCES IN THE DESERT,ASCAP,Total Controlled by ASCAP,100,
UNUSUAL OCCURANCES IN THE DESERT,W,GARCIA JEROME J,,
UNUSUAL OCCURANCES IN THE DESERT,W,HUNTER ROBERT C,,
UNUSUAL OCCURANCES IN THE DESERT,P,ICE NINE PUBLISHING CO INC,,
UNUSUAL OCCURANCES IN THE DESERT,P,UNIVERSAL MUSIC CORPORATION,,
UNUSUAL OCCURRANCES IN TH,ASCAP,Total Controlled by ASCAP,100,
UNUSUAL OCCURRANCES IN TH,W,GARCIA JEROME J,,
UNUSUAL OCCURRANCES IN TH,W,HUNTER ROBERT C,,
UNUSUAL OCCURRANCES IN TH,P,ICE NINE PUBLISHING CO INC,,
UNUSUAL OCCURRANCES IN TH,P,UNIVERSAL MUSIC CORPORATION,,
VALERIE,ASCAP,Total Controlled by ASCAP,100,
VALERIE,W,GARCIA JEROME J,,
VALERIE,W,HUNTER ROBERT C,,
VALERIE,P,ICE NINE PUBLISHING CO INC,,
VALERIE,P,UNIVERSAL MUSIC CORPORATION,,
WATKINS GLEN SOUNDCHECK JAM,ASCAP,Total Controlled by ASCAP,40,
WATKINS GLEN SOUNDCHECK JAM,W,GARCIA JEROME J,,
WATKINS GLEN SOUNDCHECK JAM,W,GODCHAUX KEITH R RICHARD,,
WATKINS GLEN SOUNDCHECK JAM,W,KREUTZMANN WILLIAM ,,
WATKINS GLEN SOUNDCHECK JAM,W,LESH PHILIP ,,
WATKINS GLEN SOUNDCHECK JAM,W,WEIR ROBERT HALL,,
WATKINS GLEN SOUNDCHECK JAM,P,ICE NINE PUBLISHING CO INC,,
WATKINS GLEN SOUNDCHECK JAM,P,UNIVERSAL MUSIC CORPORATION,,
WE BID YOU GOODNIGHT (CLOSING OF WINTERLAND),ASCAP,Total Controlled by ASCAP,41.68,
WE BID YOU GOODNIGHT (CLOSING OF WINTERLAND),W,DP  ,,
WE BID YOU GOODNIGHT (CLOSING OF WINTERLAND),W,GARCIA JEROME J,,
WE BID YOU GOODNIGHT (CLOSING OF WINTERLAND),W,GODCHAUX KEITH R RICHARD,,
WE BID YOU GOODNIGHT (CLOSING OF WINTERLAND),W,HART MICHAEL S,,
WE BID YOU GOODNIGHT (CLOSING OF WINTERLAND),W,KREUTZMANN WILLIAM ,,
WE BID YOU GOODNIGHT (CLOSING OF WINTERLAND),W,LESH PHILIP ,,
WE BID YOU GOODNIGHT (CLOSING OF WINTERLAND),W,WEIR ROBERT HALL,,
WE BID YOU GOODNIGHT (CLOSING OF WINTERLAND),P,ICE NINE PUBLISHING CO INC,,
WE BID YOU GOODNIGHT (CLOSING OF WINTERLAND),P,UNIVERSAL MUSIC CORPORATION,,
WE BID YOU GOODNIGHT (DOZIN'),ASCAP,Total Controlled by ASCAP,100,
WE BID YOU GOODNIGHT (DOZIN'),W,DP  ,,
WE BID YOU GOODNIGHT (DOZIN'),W,GARCIA JEROME J,,
WE BID YOU GOODNIGHT (DOZIN'),W,HART MICHAEL S,,
WE BID YOU GOODNIGHT (DOZIN'),W,KREUTZMANN WILLIAM ,,
WE BID YOU GOODNIGHT (DOZIN'),W,LESH PHILIP ,,
WE BID YOU GOODNIGHT (DOZIN'),W,WEIR ROBERT HALL,,
WE BID YOU GOODNIGHT (DOZIN'),P,ICE NINE PUBLISHING CO INC,,
WE BID YOU GOODNIGHT (DOZIN'),P,UNIVERSAL MUSIC CORPORATION,,
WE BID YOU GOODNIGHT (DP 4),ASCAP,Total Controlled by ASCAP,41.68,
WE BID YOU GOODNIGHT (DP 4),W,DP  ,,
WE BID YOU GOODNIGHT (DP 4),W,GARCIA JEROME J,,
WE BID YOU GOODNIGHT (DP 4),W,HART MICHAEL S,,
WE BID YOU GOODNIGHT (DP 4),W,KREUTZMANN WILLIAM ,,
WE BID YOU GOODNIGHT (DP 4),W,LESH PHILIP ,,
WE BID YOU GOODNIGHT (DP 4),W,MAC KERNAN RONALD CHARLES R C,,
WE BID YOU GOODNIGHT (DP 4),W,WEIR ROBERT HALL,,
WE BID YOU GOODNIGHT (DP 4),P,ICE NINE PUBLISHING CO INC,,
WE BID YOU GOODNIGHT (DP 4),P,UNIVERSAL MUSIC CORPORATION,,
WE BID YOU GOODNIGHT (DP 8),ASCAP,Total Controlled by ASCAP,41.68,
WE BID YOU GOODNIGHT (DP 8),W,DP  ,,
WE BID YOU GOODNIGHT (DP 8),W,GARCIA JEROME J,,
WE BID YOU GOODNIGHT (DP 8),W,HART MICHAEL S,,
WE BID YOU GOODNIGHT (DP 8),W,KREUTZMANN WILLIAM ,,
WE BID YOU GOODNIGHT (DP 8),W,LESH PHILIP ,,
WE BID YOU GOODNIGHT (DP 8),W,MAC KERNAN RONALD CHARLES R C,,
WE BID YOU GOODNIGHT (DP 8),W,WEIR ROBERT HALL,,
WE BID YOU GOODNIGHT (DP 8),P,ICE NINE PUBLISHING CO INC,,
WE BID YOU GOODNIGHT (DP 8),P,UNIVERSAL MUSIC CORPORATION,,
WE BID YOU GOODNIGHT (DP16),ASCAP,Total Controlled by ASCAP,41.68,
WE BID YOU GOODNIGHT (DP16),W,DP  ,,
WE BID YOU GOODNIGHT (DP16),W,GARCIA JEROME J,,
WE BID YOU GOODNIGHT (DP16),W,HART MICHAEL S,,
WE BID YOU GOODNIGHT (DP16),W,KREUTZMANN WILLIAM ,,
WE BID YOU GOODNIGHT (DP16),W,LESH PHILIP ,,
WE BID YOU GOODNIGHT (DP16),W,MAC KERNAN RONALD CHARLES R C,,
WE BID YOU GOODNIGHT (DP16),W,WEIR ROBERT HALL,,
WE BID YOU GOODNIGHT (DP16),P,ICE NINE PUBLISHING CO INC,,
WE BID YOU GOODNIGHT (DP16),P,UNIVERSAL MUSIC CORPORATION,,
WE BID YOU GOODNIGHT (DP28),ASCAP,Total Controlled by ASCAP,40,
WE BID YOU GOODNIGHT (DP28),W,DP  ,,
WE BID YOU GOODNIGHT (DP28),W,GARCIA JEROME J,,
WE BID YOU GOODNIGHT (DP28),W,GODCHAUX KEITH R RICHARD,,
WE BID YOU GOODNIGHT (DP28),W,KREUTZMANN WILLIAM ,,
WE BID YOU GOODNIGHT (DP28),W,LESH PHILIP ,,
WE BID YOU GOODNIGHT (DP28),W,WEIR ROBERT HALL,,
WE BID YOU GOODNIGHT (DP28),P,ICE NINE PUBLISHING CO INC,,
WE BID YOU GOODNIGHT (DP28),P,UNIVERSAL MUSIC CORPORATION,,
WE BID YOU GOODNIGHT (FILLMORE EAST),ASCAP,Total Controlled by ASCAP,41.68,
WE BID YOU GOODNIGHT (FILLMORE EAST),W,DP  ,,
WE BID YOU GOODNIGHT (FILLMORE EAST),W,GARCIA JEROME J,,
WE BID YOU GOODNIGHT (FILLMORE EAST),W,HART MICHAEL S,,
WE BID YOU GOODNIGHT (FILLMORE EAST),W,KREUTZMANN WILLIAM ,,
WE BID YOU GOODNIGHT (FILLMORE EAST),W,LESH PHILIP ,,
WE BID YOU GOODNIGHT (FILLMORE EAST),W,MAC KERNAN RONALD CHARLES R C,,
WE BID YOU GOODNIGHT (FILLMORE EAST),W,WEIR ROBERT HALL,,
WE BID YOU GOODNIGHT (FILLMORE EAST),P,ICE NINE PUBLISHING CO INC,,
WE BID YOU GOODNIGHT (FILLMORE EAST),P,UNIVERSAL MUSIC CORPORATION,,
WE BID YOU GOODNIGHT (FILLMORE WEST 1969 - CO,ASCAP,Total Controlled by ASCAP,40,
WE BID YOU GOODNIGHT (FILLMORE WEST 1969 - CO,W,DP  ,,
WE BID YOU GOODNIGHT (FILLMORE WEST 1969 - CO,W,GARCIA JEROME J,,
WE BID YOU GOODNIGHT (FILLMORE WEST 1969 - CO,W,KREUTZMANN WILLIAM ,,
WE BID YOU GOODNIGHT (FILLMORE WEST 1969 - CO,W,LESH PHILIP ,,
WE BID YOU GOODNIGHT (FILLMORE WEST 1969 - CO,W,MAC KERNAN RONALD CHARLES R C,,
WE BID YOU GOODNIGHT (FILLMORE WEST 1969 - CO,W,WEIR ROBERT HALL,,
WE BID YOU GOODNIGHT (FILLMORE WEST 1969 - CO,P,ICE NINE PUBLISHING CO INC,,
WE BID YOU GOODNIGHT (FILLMORE WEST 1969 - CO,P,UNIVERSAL MUSIC CORPORATION,,
WE BID YOU GOODNIGHT (LADIES & GENTS),ASCAP,Total Controlled by ASCAP,33.36,
WE BID YOU GOODNIGHT (LADIES & GENTS),W,CONSTANTEN THOMAS C,,
WE BID YOU GOODNIGHT (LADIES & GENTS),W,DP  ,,
WE BID YOU GOODNIGHT (LADIES & GENTS),W,GARCIA JEROME J,,
WE BID YOU GOODNIGHT (LADIES & GENTS),W,KREUTZMANN WILLIAM ,,
WE BID YOU GOODNIGHT (LADIES & GENTS),W,LESH PHILIP ,,
WE BID YOU GOODNIGHT (LADIES & GENTS),W,MAC KERNAN RONALD CHARLES R C,,
WE BID YOU GOODNIGHT (LADIES & GENTS),W,WEIR ROBERT HALL,,
WE BID YOU GOODNIGHT (LADIES & GENTS),P,ICE NINE PUBLISHING CO INC,,
WE BID YOU GOODNIGHT (LADIES & GENTS),P,UNIVERSAL MUSIC CORPORATION,,
WE BID YOU GOODNIGHT (NIGHTFALL OF D'NDS),ASCAP,Total Controlled by ASCAP,83.35,
WE BID YOU GOODNIGHT (NIGHTFALL OF D'NDS),W,DP  ,,
WE BID YOU GOODNIGHT (NIGHTFALL OF D'NDS),W,GARCIA JEROME J,,
WE BID YOU GOODNIGHT (NIGHTFALL OF D'NDS),W,HART MICHAEL S,,
WE BID YOU GOODNIGHT (NIGHTFALL OF D'NDS),W,KREUTZMANN WILLIAM ,,
WE BID YOU GOODNIGHT (NIGHTFALL OF D'NDS),W,LESH PHILIP ,,
WE BID YOU GOODNIGHT (NIGHTFALL OF D'NDS),W,MYDLAND BRENT RICHARD,,
WE BID YOU GOODNIGHT (NIGHTFALL OF D'NDS),W,WEIR ROBERT HALL,,
WE BID YOU GOODNIGHT (NIGHTFALL OF D'NDS),P,ICE NINE PUBLISHING CO INC,,
WE BID YOU GOODNIGHT (NIGHTFALL OF D'NDS),P,UNIVERSAL MUSIC CORPORATION,,
WE BID YOU GOODNIGHT (NIGHTFALL OF D'NDS),P,Additional Non-ASCAP Publishers,,
WE BID YOU GOODNIGHT (THE GRATEFUL DEAD MOVIE,ASCAP,Total Controlled by ASCAP,40,
WE BID YOU GOODNIGHT (THE GRATEFUL DEAD MOVIE,W,DP  ,,
WE BID YOU GOODNIGHT (THE GRATEFUL DEAD MOVIE,W,GARCIA JEROME J,,
WE BID YOU GOODNIGHT (THE GRATEFUL DEAD MOVIE,W,GODCHAUX KEITH R RICHARD,,
WE BID YOU GOODNIGHT (THE GRATEFUL DEAD MOVIE,W,KREUTZMANN WILLIAM ,,
WE BID YOU GOODNIGHT (THE GRATEFUL DEAD MOVIE,W,LESH PHILIP ,,
WE BID YOU GOODNIGHT (THE GRATEFUL DEAD MOVIE,W,WEIR ROBERT HALL,,
WE BID YOU GOODNIGHT (THE GRATEFUL DEAD MOVIE,P,ICE NINE PUBLISHING CO INC,,
WE BID YOU GOODNIGHT (THE GRATEFUL DEAD MOVIE,P,UNIVERSAL MUSIC CORPORATION,,
WEIRDNESS,ASCAP,Total Controlled by ASCAP,40,
WEIRDNESS,W,GARCIA JEROME J,,
WEIRDNESS,W,GODCHAUX KEITH R RICHARD,,
WEIRDNESS,W,KREUTZMANN WILLIAM ,,
WEIRDNESS,W,LESH PHILIP ,,
WEIRDNESS,W,WEIR ROBERT HALL,,
WEIRDNESS,P,ICE NINE PUBLISHING CO INC,,
WEIRDNESS,P,UNIVERSAL MUSIC CORPORATION,,
WEST L A FADEAWAY,ASCAP,Total Controlled by ASCAP,100,
WEST L A FADEAWAY,W,GARCIA JEROME J,,
WEST L A FADEAWAY,W,HUNTER ROBERT C,,
WEST L A FADEAWAY,P,ICE NINE PUBLISHING CO INC,,
WEST L A FADEAWAY,P,UNIVERSAL MUSIC CORPORATION,,
WHARF RAT,ASCAP,Total Controlled by ASCAP,100,
WHARF RAT,W,GARCIA JEROME J,,
WHARF RAT,W,HUNTER ROBERT C,,
WHARF RAT,P,ICE NINE PUBLISHING CO INC,,
WHARF RAT,P,UNIVERSAL MUSIC CORPORATION,,
WHAT S BECOME OF THE BABY,ASCAP,Total Controlled by ASCAP,100,
WHAT S BECOME OF THE BABY,W,GARCIA JEROME J,,
WHAT S BECOME OF THE BABY,W,HUNTER ROBERT C,,
WHAT S BECOME OF THE BABY,P,ICE NINE PUBLISHING CO INC,,
WHAT S BECOME OF THE BABY,P,UNIVERSAL MUSIC CORPORATION,,
WHEEL THE,ASCAP,Total Controlled by ASCAP,100,
WHEEL THE,W,GARCIA JEROME J,,
WHEEL THE,W,HUNTER ROBERT C,,
WHEEL THE,W,KREUTZMANN WILLIAM ,,
WHEEL THE,P,ICE NINE PUBLISHING CO INC,,
WHEEL THE,P,UNIVERSAL MUSIC CORPORATION,,
WHEN PUSH COMES TO SHOVE,ASCAP,Total Controlled by ASCAP,100,
WHEN PUSH COMES TO SHOVE,W,GARCIA JEROME J,,
WHEN PUSH COMES TO SHOVE,W,HUNTER ROBERT C,,
WHEN PUSH COMES TO SHOVE,P,ICE NINE PUBLISHING CO INC,,
WHEN PUSH COMES TO SHOVE,P,UNIVERSAL MUSIC CORPORATION,,
WHISKEY IN THE JAR,ASCAP,Total Controlled by ASCAP,80,
WHISKEY IN THE JAR,W,DP  ,,
WHISKEY IN THE JAR,W,GARCIA JEROME J,,
WHISKEY IN THE JAR,W,HART MICHAEL S,,
WHISKEY IN THE JAR,W,KREUTZMANN WILLIAM ,,
WHISKEY IN THE JAR,W,LESH PHILIP ,,
WHISKEY IN THE JAR,W,WELNICK LEO VINCENT,,
WHISKEY IN THE JAR,P,ICE NINE PUBLISHING CO INC,,
WHISKEY IN THE JAR,P,UNIVERSAL MUSIC CORPORATION,,
WHISKEY IN THE JAR,P,Additional Non-ASCAP Publishers,,
WOOD GREEN JAM,ASCAP,Total Controlled by ASCAP,40,
WOOD GREEN JAM,W,GARCIA JEROME J,,
WOOD GREEN JAM,W,GODCHAUX KEITH R RICHARD,,
WOOD GREEN JAM,W,KREUTZMANN WILLIAM ,,
WOOD GREEN JAM,W,LESH PHILIP ,,
WOOD GREEN JAM,W,WEIR ROBERT HALL,,
WOOD GREEN JAM,P,ICE NINE PUBLISHING CO INC,,
WOOD GREEN JAM,P,UNIVERSAL MUSIC CORPORATION,,
YOU DON'T HAVE TO ASK,ASCAP,Total Controlled by ASCAP,40,
YOU DON'T HAVE TO ASK,W,GARCIA JEROME J,,
YOU DON'T HAVE TO ASK,W,KREUTZMANN WILLIAM ,,
YOU DON'T HAVE TO ASK,W,LESH PHILIP ,,
YOU DON'T HAVE TO ASK,W,MAC KERNAN RONALD CHARLES R C,,
YOU DON'T HAVE TO ASK,W,WEIR ROBERT HALL,,
YOU DON'T HAVE TO ASK,P,ICE NINE PUBLISHING CO INC,,
YOU DON'T HAVE TO ASK,P,UNIVERSAL MUSIC CORPORATION,,
ZILLIONAIRE,ASCAP,Total Controlled by ASCAP,66.7,
ZILLIONAIRE,W,BRICKELL EDIE ARLISA,,
ZILLIONAIRE,W,GARCIA JEROME J,,
ZILLIONAIRE,W,WASSERMAN ROBERT S,,
ZILLIONAIRE,P,EDIE BRICKELL SONGS,,
ZILLIONAIRE,P,ICE NINE PUBLISHING CO INC,,
ZILLIONAIRE,P,UNIVERSAL GEFFEN MUSIC,,
ZILLIONAIRE,P,UNIVERSAL MUSIC CORPORATION,,
ZILLIONAIRE,P,Additional Non-ASCAP Publishers,,
ZODIAC UPRISING,ASCAP,Total Controlled by ASCAP,100,
ZODIAC UPRISING,W,GARCIA JEROME J,,
ZODIAC UPRISING,W,NORDINE KEN ,,
ZODIAC UPRISING,P,ICE NINE PUBLISHING CO INC,,
ZODIAC UPRISING,P,K-ARTS INC (RUBBER FROG MUSIC DIVISION),,
ZODIAC UPRISING,P,UNIVERSAL MUSIC CORPORATION,,
